{"type":"FeatureCollection","crs":{"type":"name","properties":{"name":"urn:ogc:def:crs:EPSG::27700"}},"features":[{"type":"Feature","properties":{"name":"scotland_outline"},"geometry":{"type":"MultiPolygon","coordinates":[[[[57083,780352],[57419,779889],[56605,779528],[55838,779365],[54455,780283],[57083,780352]],[[55045,780069],[55109,780058],[55118,780091],[55045,780069]]],[[[54728,781249],[54911,781303],[54887,781157],[54728,781249]]],[[[54562,782776],[54723,782504],[54499,782441],[54562,782776]]],[[[54246,781908],[54795,782345],[54754,782908],[55470,783253],[54892,784360],[57096,784996],[56974,782005],[54987,781442],[54246,781908]]],[[[54813,783761],[55026,783812],[55009,783636],[54813,783761]]],[[[57633,784976],[57779,784899],[57748,784815],[57633,784976]]],[[[57560,784992],[57617,784981],[57609,784900],[57560,784992]]],[[[57320,785111],[57490,784973],[57342,784799],[57320,785111]]],[[[58410,786671],[58471,786650],[58490,786588],[58410,786671]]],[[[58359,786636],[58386,786652],[58402,786619],[58359,786636]]],[[[57085,786731],[57176,786684],[57138,786574],[57085,786731]]],[[[57384,786690],[57395,786635],[57317,786634],[57384,786690]]],[[[57181,786675],[57197,786735],[57255,786648],[57181,786675]]],[[[57223,786804],[57372,786819],[57311,786653],[57223,786804]]],[[[58395,786823],[58491,786781],[58554,786662],[58395,786823]]],[[[58586,786815],[58529,786929],[58592,786925],[58586,786815]]],[[[61306,787382],[61546,787529],[61834,786714],[61306,787382]]],[[[58859,787080],[59232,788197],[60176,788361],[61326,787666],[60871,787394],[60640,786723],[58859,787080]]],[[[60103,789656],[60358,790040],[60675,789648],[60373,789296],[60103,789656]]],[[[61970,789874],[62124,789756],[61957,789643],[61970,789874]]],[[[61793,789749],[61825,789839],[61853,789716],[61793,789749]]],[[[65293,790072],[65339,790009],[65292,790003],[65293,790072]]],[[[65714,790632],[65775,790654],[65812,790605],[65714,790632]]],[[[65613,790737],[65635,790746],[65670,790690],[65613,790737]]],[[[63073,791082],[63148,791115],[63189,790959],[63073,791082]]],[[[65656,790795],[64111,790089],[63176,792044],[64644,792498],[65656,790795]],[[64301,790406],[64325,790406],[64286,790446],[64301,790406]]],[[[60967,791704],[61061,791768],[61152,791581],[60967,791704]]],[[[65455,791901],[65470,791945],[65483,791829],[65455,791901]]],[[[60925,791955],[60975,791969],[60980,791928],[60925,791955]]],[[[60991,792171],[61234,791896],[61090,791771],[60991,792171]]],[[[60965,791991],[60938,792000],[60944,792033],[60965,791991]]],[[[61343,792295],[61375,792282],[61367,792261],[61343,792295]]],[[[60918,792520],[61309,792611],[61175,792062],[60918,792520]]],[[[68557,793300],[68683,793208],[68654,793130],[68557,793300]]],[[[64985,793695],[64997,793715],[64997,793673],[64985,793695]]],[[[68431,794214],[69101,794417],[69334,793842],[68739,793165],[68431,794214]]],[[[64987,793768],[65013,793846],[65005,793738],[64987,793768]]],[[[64955,793878],[65023,793904],[64971,793766],[64955,793878]]],[[[67693,794391],[67710,794399],[67721,794381],[67693,794391]]],[[[67704,794427],[67706,794436],[67724,794418],[67704,794427]]],[[[67727,794520],[67734,794547],[67745,794496],[67727,794520]]],[[[67683,794541],[67693,794558],[67697,794527],[67683,794541]]],[[[61704,795012],[61726,794943],[61692,794922],[61704,795012]]],[[[67061,795145],[67093,795165],[67060,795091],[67061,795145]]],[[[66885,795374],[66941,795257],[66853,795224],[66885,795374]]],[[[66474,795738],[66673,795646],[66473,795449],[66474,795738]]],[[[66369,795679],[66379,795745],[66389,795612],[66369,795679]]],[[[60689,796295],[61037,796509],[61052,796178],[60689,796295]]],[[[60574,796358],[60615,796470],[60687,796231],[60574,796358]]],[[[66555,797019],[66574,797315],[66759,796937],[66555,797019]]],[[[63933,797108],[64264,797248],[64120,797048],[63933,797108]]],[[[66498,797958],[66522,797971],[66525,797940],[66498,797958]]],[[[70567,799315],[70761,799250],[70741,799061],[70567,799315]]],[[[62715,800214],[62741,800239],[62765,800202],[62715,800214]]],[[[70967,800271],[71005,800248],[70994,800199],[70967,800271]]],[[[70860,800236],[70892,800272],[70947,800234],[70860,800236]]],[[[72941,800390],[73009,800403],[73024,800320],[72941,800390]]],[[[73235,800506],[73327,800450],[73305,800407],[73235,800506]]],[[[73077,800474],[73104,800517],[73169,800472],[73077,800474]]],[[[63144,800519],[63155,800622],[63222,800476],[63144,800519]]],[[[63435,800605],[63349,800546],[63338,800602],[63435,800605]]],[[[64397,800639],[64479,800598],[64478,800527],[64397,800639]]],[[[73536,801325],[73594,801338],[73617,801289],[73536,801325]]],[[[69607,797315],[66756,797267],[66877,798145],[65666,797854],[65493,798696],[65459,797400],[63823,797650],[63063,796811],[66087,796075],[66337,795555],[64513,796063],[63404,794790],[65281,794639],[65206,794131],[62371,793491],[61730,794973],[62731,794757],[63000,795425],[61150,796321],[61948,797246],[61426,797885],[63711,797555],[62002,798626],[62495,800073],[64774,800531],[65219,801275],[64454,801973],[65561,801877],[65277,803263],[66131,803733],[64555,804924],[67173,804758],[68969,805711],[69581,809634],[71409,807608],[69624,805276],[72675,803011],[70589,804372],[71861,803186],[71026,803222],[70373,803217],[71558,802342],[72171,802848],[73433,801646],[73375,800456],[71968,801006],[71573,802217],[70841,802048],[71726,801570],[71726,800423],[70654,800275],[70262,798670],[69328,798761],[69607,797315]],[[62350,799192],[62375,799205],[62351,799238],[62350,799192]],[[62476,799289],[62492,799298],[62492,799317],[62476,799289]],[[62473,799297],[62477,799321],[62463,799301],[62473,799297]],[[72832,802157],[72794,802182],[72767,802159],[72832,802157]],[[65356,804357],[65402,804404],[65311,804483],[65356,804357]]],[[[64405,802205],[64452,802166],[64412,802164],[64405,802205]]],[[[72353,802678],[72376,802728],[72430,802669],[72353,802678]]],[[[71370,802707],[71397,802783],[71439,802666],[71370,802707]]],[[[71481,802826],[71504,802835],[71547,802808],[71481,802826]]],[[[72611,802988],[72782,802961],[72731,802770],[72611,802988]]],[[[72475,802889],[72551,802959],[72584,802805],[72475,802889]]],[[[71236,802954],[71282,802942],[71271,802862],[71236,802954]]],[[[71948,802948],[71976,802974],[72026,802921],[71948,802948]]],[[[71146,802996],[71206,802989],[71170,802951],[71146,802996]]],[[[71769,803016],[71797,803074],[71807,802991],[71769,803016]]],[[[72897,803089],[72926,803056],[72872,803032],[72897,803089]]],[[[71118,803018],[71122,803137],[71264,802990],[71118,803018]]],[[[72806,803035],[72631,803100],[72778,803130],[72806,803035]]],[[[73472,803010],[73547,803245],[73631,802959],[73472,803010]]],[[[73316,803185],[73428,803238],[73442,803147],[73316,803185]]],[[[73122,803254],[73218,803348],[73301,803183],[73122,803254]]],[[[72774,803282],[72818,803493],[72993,803056],[72774,803282]]],[[[72928,803502],[72982,803541],[72951,803457],[72928,803502]]],[[[72472,803638],[72632,803484],[72599,803457],[72472,803638]]],[[[72936,803698],[72961,803797],[73545,803393],[72936,803698]]],[[[64993,803664],[65060,803710],[65051,803626],[64993,803664]]],[[[65576,803811],[65630,803758],[65546,803751],[65576,803811]]],[[[65332,803814],[65389,803803],[65412,803765],[65332,803814]]],[[[65600,803863],[65652,803841],[65566,803825],[65600,803863]]],[[[71449,804366],[71542,804268],[71538,804207],[71449,804366]]],[[[65104,804503],[65117,804469],[65006,804467],[65104,804503]]],[[[73576,805573],[73554,805514],[73468,805560],[73576,805573]]],[[[71033,805970],[71651,806405],[71792,805992],[71033,805970]]],[[[71553,807683],[71580,807657],[71512,807573],[71553,807683]]],[[[74440,808494],[73460,807531],[72497,808181],[73426,809718],[74440,808494]]],[[[71507,808752],[71581,808760],[71604,808611],[71507,808752]]],[[[71411,808838],[71489,808768],[71412,808743],[71411,808838]]],[[[69263,808830],[69308,808833],[69282,808784],[69263,808830]]],[[[71552,808912],[71676,808958],[71721,808892],[71552,808912]]],[[[69719,810084],[69737,810032],[69666,810052],[69719,810084]]],[[[70693,810268],[69749,810150],[69882,810636],[70247,810681],[70693,810268]]],[[[73139,815078],[73275,815103],[73133,814944],[73139,815078]]],[[[73475,815470],[73390,815468],[73502,815520],[73475,815470]]],[[[72633,817422],[72933,817341],[72748,817109],[72633,817422]]],[[[73146,834174],[73188,834095],[72899,834083],[73146,834174]]],[[[62874,860430],[63032,860444],[62966,860254],[62874,860430]]],[[[63969,860718],[63367,860662],[63605,862461],[64646,863121],[64782,861734],[63969,860718]],[[64645,861585],[64617,861633],[64587,861618],[64645,861585]]],[[[62703,862312],[63068,862206],[62849,861630],[62703,862312]]],[[[60197,862573],[62294,863528],[62534,862328],[60555,861815],[60197,862573]]],[[[59121,862795],[59379,862929],[59393,862583],[59121,862795]]],[[[59629,862940],[59795,863009],[59765,862814],[59629,862940]]],[[[59977,863153],[60026,863057],[59793,863025],[59977,863153]]],[[[65956,863140],[65965,863293],[66123,862915],[65956,863140]]],[[[59728,863137],[59803,863093],[59725,863091],[59728,863137]]],[[[59990,863304],[60102,863209],[59786,863156],[59990,863304]]],[[[60100,863471],[60152,863361],[59935,863348],[60100,863471]]],[[[57694,863966],[57714,864054],[57766,863934],[57694,863966]]],[[[57149,864592],[57187,864659],[57248,864498],[57149,864592]]],[[[64443,866562],[64549,866611],[64525,866524],[64443,866562]]],[[[69467,869202],[69535,869118],[69447,869052],[69467,869202]]],[[[69106,869726],[69178,869753],[69172,869699],[69106,869726]]],[[[65948,870535],[66051,870538],[66066,870472],[65948,870535]]],[[[70190,871388],[70316,871494],[70346,871380],[70190,871388]]],[[[69329,871390],[69222,871523],[69505,871661],[69329,871390]]],[[[70209,872005],[70251,871994],[70204,871976],[70209,872005]]],[[[70263,872277],[70295,872280],[70274,872241],[70263,872277]]],[[[70274,872733],[70297,872744],[70300,872723],[70274,872733]]],[[[70891,872892],[70924,872884],[70924,872861],[70891,872892]]],[[[71424,873026],[71454,873042],[71490,873015],[71424,873026]]],[[[71325,873109],[71329,873141],[71374,873056],[71325,873109]]],[[[71097,873208],[71152,873195],[71127,873160],[71097,873208]]],[[[71653,874403],[71665,874371],[71649,874363],[71653,874403]]],[[[71701,874408],[71717,874391],[71715,874360],[71701,874408]]],[[[72199,874971],[72221,874994],[72213,874936],[72199,874971]]],[[[72177,874983],[72182,874965],[72149,874960],[72177,874983]]],[[[72555,875710],[72624,875744],[72666,875656],[72555,875710]]],[[[72747,875903],[72771,875872],[72743,875862],[72747,875903]]],[[[59334,880827],[59542,880740],[59397,880732],[59334,880827]]],[[[59628,880775],[59460,880825],[59485,880901],[59628,880775]]],[[[59565,880987],[59650,880940],[59672,880855],[59565,880987]]],[[[59685,881017],[59748,881048],[59770,880929],[59685,881017]]],[[[59774,881056],[59801,881120],[59831,881047],[59774,881056]]],[[[61687,882396],[61729,882125],[61199,881800],[61086,882043],[61687,882396]]],[[[13324,896703],[13455,896686],[13305,896612],[13324,896703]]],[[[10400,897180],[10455,897149],[10389,897111],[10400,897180]]],[[[10714,897201],[10743,897182],[10719,897155],[10714,897201]]],[[[9908,897934],[11000,897095],[10232,897619],[9767,897484],[9908,897934]]],[[[10223,897582],[10245,897604],[10280,897560],[10223,897582]]],[[[9732,897801],[9746,897822],[9747,897784],[9732,897801]]],[[[9399,897955],[9444,897967],[9389,897927],[9399,897955]]],[[[9893,897989],[9911,897982],[9876,897962],[9893,897989]]],[[[9905,898510],[9929,898521],[9926,898484],[9905,898510]]],[[[11221,899369],[11262,899353],[11189,899343],[11221,899369]]],[[[7565,901271],[8475,900264],[8855,901027],[10488,900731],[11280,899134],[9881,898584],[9518,897796],[9135,898724],[7665,899170],[7565,901271]],[[7833,899238],[7808,899210],[7851,899221],[7833,899238]],[[7666,899370],[7673,899336],[7689,899360],[7666,899370]],[[7681,899472],[7701,899465],[7699,899543],[7681,899472]],[[7688,899586],[7706,899555],[7702,899599],[7688,899586]],[[9615,900687],[9555,900593],[9694,900699],[9615,900687]]],[[[10439,900810],[10494,900771],[10379,900770],[10439,900810]]],[[[6926,901069],[6975,901091],[6994,901065],[6926,901069]]],[[[5978,901251],[6006,901210],[5959,901159],[5978,901251]]],[[[7138,901329],[7191,901352],[7161,901303],[7138,901329]]],[[[7374,901403],[7405,901336],[7207,901298],[7374,901403]]],[[[7396,901436],[7381,901416],[7357,901419],[7396,901436]]],[[[6974,901223],[6090,901144],[6000,901349],[5513,901467],[7067,901954],[6974,901223]]],[[[6638,901940],[6629,901957],[6688,901931],[6638,901940]]],[[[5851,902077],[5956,902086],[5865,902014],[5851,902077]]],[[[15287,904535],[15351,904530],[15233,904437],[15287,904535]]],[[[14080,904930],[14224,904972],[14242,904831],[14080,904930]]],[[[15470,905968],[15637,904428],[15119,905383],[15223,905431],[15470,905968]]],[[[15231,905535],[15207,905463],[15141,905462],[15231,905535]]],[[[15243,905695],[15293,905726],[15295,905674],[15243,905695]]],[[[15247,906025],[15270,906072],[15269,906021],[15247,906025]]],[[[15317,906084],[15351,906064],[15301,906036],[15317,906084]]],[[[15215,906559],[15306,906304],[15061,906257],[15215,906559]]],[[[72600,945134],[72641,945153],[72613,945117],[72600,945134]]],[[[72372,945079],[72627,945201],[72469,945075],[72372,945079]]],[[[72364,945254],[72381,945206],[72279,945163],[72364,945254]]],[[[72488,945299],[72625,945253],[72388,945151],[72488,945299]]],[[[72378,945321],[72606,945506],[72606,945492],[72671,945464],[72693,945402],[72378,945321]]],[[[72349,945478],[72447,945474],[72252,945399],[72349,945478]]],[[[72611,945495],[72686,945533],[72725,945473],[72611,945495]]],[[[73080,946374],[73129,946333],[73028,946306],[73080,946374]]],[[[72655,946208],[72860,946524],[73355,946436],[73019,946411],[72655,946208]]],[[[68980,946326],[69336,946506],[69308,946314],[68980,946326]]],[[[68644,946479],[68719,946482],[68653,946383],[68644,946479]]],[[[68845,946473],[68868,946446],[68777,946416],[68845,946473]]],[[[68964,946467],[68962,946441],[68927,946432],[68964,946467]]],[[[69007,946471],[69036,946498],[69034,946478],[69007,946471]]],[[[69073,946513],[69098,946515],[69094,946505],[69073,946513]]],[[[72691,946616],[72764,946566],[72634,946490],[72691,946616]]],[[[68950,946595],[68972,946604],[68982,946594],[68950,946595]]],[[[69213,946621],[69276,946642],[69209,946575],[69213,946621]]],[[[69090,946625],[69115,946619],[69094,946604],[69090,946625]]],[[[72697,946635],[72772,946670],[72802,946615],[72697,946635]]],[[[68931,946664],[69010,946694],[69030,946649],[68931,946664]]],[[[68932,946704],[68911,946683],[68852,946686],[68932,946704]]],[[[69287,946805],[69151,946622],[69133,946872],[69287,946805]]],[[[68992,946775],[69019,946778],[68991,946751],[68992,946775]]],[[[72238,946839],[72451,947073],[72858,946942],[72688,946661],[72238,946839]]],[[[72058,946893],[72203,946934],[72215,946834],[72058,946893]]],[[[72954,946958],[73021,946981],[72970,946942],[72954,946958]]],[[[73994,800297],[74052,800272],[73969,800248],[73994,800297]]],[[[73952,800363],[74094,800333],[74031,800307],[73952,800363]]],[[[73852,800470],[73989,800518],[73893,800439],[73852,800470]]],[[[73561,800673],[73693,800705],[73628,800546],[73561,800673]]],[[[73719,800840],[73756,800853],[73731,800791],[73719,800840]]],[[[73627,802089],[74324,802744],[74492,801763],[73627,802089]]],[[[75237,802554],[75663,802033],[74759,801985],[75237,802554]]],[[[75535,802504],[75608,802503],[75605,802474],[75535,802504]]],[[[75248,802815],[75344,802855],[75279,802749],[75248,802815]]],[[[74293,802833],[74359,802825],[74329,802785],[74293,802833]]],[[[73984,802885],[74003,802983],[74119,802857],[73984,802885]]],[[[73958,803290],[74064,803506],[74347,803105],[73958,803290]]],[[[73646,803510],[73579,803644],[73736,803490],[73646,803510]]],[[[74628,804033],[75483,804734],[76401,803635],[76550,803198],[74628,804033]]],[[[76175,804339],[76283,804375],[76304,804315],[76175,804339]]],[[[73850,804494],[73951,804437],[73821,804420],[73850,804494]]],[[[77045,805397],[77248,804132],[76564,804271],[75816,804880],[77045,805397]],[[76533,804319],[76551,804436],[76504,804389],[76533,804319]]],[[[75652,804780],[75649,804832],[75802,804783],[75652,804780]]],[[[73886,804988],[73972,805048],[74027,804918],[73886,804988]]],[[[78674,807560],[78645,807028],[78446,807457],[78674,807560]]],[[[78677,807660],[78759,807679],[78805,807630],[78677,807660]]],[[[78830,807718],[78959,807692],[78854,807662],[78830,807718]]],[[[78519,807738],[78615,807664],[78504,807649],[78519,807738]]],[[[79045,807776],[79188,807755],[79029,807695],[79045,807776]]],[[[79030,807873],[79131,807944],[79184,807853],[79030,807873]]],[[[80242,809802],[78929,809830],[80193,809168],[79231,808169],[78241,809223],[78093,813122],[79058,811918],[80994,812334],[80242,809802]]],[[[83305,811479],[83395,811397],[83241,811385],[83305,811479]]],[[[77552,811518],[77552,811674],[77763,811444],[77552,811518]]],[[[75033,811729],[75417,811694],[75433,811407],[75035,811397],[75033,811729]]],[[[76509,811744],[76552,811692],[76460,811669],[76509,811744]]],[[[77577,811688],[77573,811765],[77710,811649],[77577,811688]]],[[[75534,811771],[75569,811857],[75581,811745],[75534,811771]]],[[[75630,811812],[75742,811937],[75970,811684],[75630,811812]]],[[[76234,811823],[76291,811848],[76340,811780],[76234,811823]]],[[[76122,811901],[76238,811891],[76171,811814],[76122,811901]]],[[[75820,811899],[75943,811900],[75920,811864],[75820,811899]]],[[[76473,812384],[76518,812413],[76578,812316],[76473,812384]]],[[[80836,812755],[80961,812851],[81117,812673],[80836,812755]]],[[[78697,813280],[78734,813276],[78721,813262],[78697,813280]]],[[[75498,813392],[75601,813444],[75638,813323],[75498,813392]]],[[[75416,813450],[75387,813494],[75500,813449],[75416,813450]]],[[[78854,813875],[78882,813850],[78764,813805],[78854,813875]]],[[[77878,813852],[77979,813872],[77980,813812],[77878,813852]]],[[[78572,813901],[78622,813848],[78509,813818],[78572,813901]]],[[[78647,813917],[78707,813907],[78633,813849],[78647,813917]]],[[[78460,813954],[78533,813917],[78441,813879],[78460,813954]]],[[[74966,814022],[75025,814069],[75087,814008],[74966,814022]]],[[[74820,814073],[74869,814118],[74964,814065],[74820,814073]]],[[[73845,814997],[73688,815090],[73753,815115],[73845,814997]]],[[[81569,818040],[82032,818091],[82170,817830],[81569,818040]]],[[[77509,818148],[77523,818172],[77666,818141],[77509,818148]]],[[[76969,818477],[77246,818738],[77572,818229],[77358,818091],[76969,818477]]],[[[78586,818500],[78631,818403],[78449,818377],[78586,818500]]],[[[78854,818351],[78865,818804],[79449,818321],[78854,818351]]],[[[77815,818534],[77844,818664],[77950,818497],[77815,818534]]],[[[77550,818432],[77564,818755],[77754,818408],[77550,818432]]],[[[78361,818383],[77999,818767],[78392,818873],[78228,818705],[78361,818383]]],[[[78304,818756],[78506,818890],[78617,818653],[78304,818756]]],[[[78586,818917],[78681,818855],[78611,818810],[78586,818917]]],[[[79915,819021],[79945,819009],[79909,819006],[79915,819021]]],[[[77600,819399],[77830,819609],[78141,819340],[77600,819399]]],[[[78067,819597],[78157,819506],[78057,819498],[78067,819597]]],[[[77547,819756],[77874,820046],[77934,819572],[77547,819756]]],[[[79288,819803],[79296,819864],[79369,819820],[79288,819803]]],[[[83166,821591],[83234,821580],[83163,821543],[83166,821591]]],[[[83647,823008],[83757,823041],[83662,822877],[83647,823008]]],[[[83544,823418],[83227,822978],[82697,823227],[83031,823850],[83544,823418]]],[[[82947,824225],[82996,824159],[82880,824119],[82947,824225]]],[[[82325,825320],[82398,825391],[82427,825275],[82325,825320]]],[[[82417,825508],[82475,825481],[82398,825401],[82417,825508]]],[[[82036,825975],[82170,826026],[82102,825880],[82036,825975]]],[[[78632,827450],[78658,827540],[78757,827430],[78632,827450]]],[[[78029,827537],[78109,827584],[78106,827522],[78029,827537]]],[[[77835,827605],[77874,827607],[77846,827561],[77835,827605]]],[[[77829,827622],[77812,827691],[77880,827612],[77829,827622]]],[[[78240,827762],[78277,827684],[78167,827601],[78240,827762]]],[[[77437,828010],[77527,827948],[77445,827938],[77437,828010]]],[[[78752,828040],[78835,828059],[78834,827990],[78752,828040]]],[[[78780,827996],[78702,828011],[78691,828079],[78780,827996]]],[[[77480,828103],[77509,828125],[77527,828087],[77480,828103]]],[[[78313,828115],[78345,828119],[78333,828098],[78313,828115]]],[[[78694,828184],[78738,828144],[78670,828142],[78694,828184]]],[[[78782,828228],[78800,828239],[78831,828217],[78782,828228]]],[[[79751,828223],[79897,828278],[79816,828197],[79751,828223]]],[[[80062,828539],[80151,828540],[80154,828431],[80062,828539]]],[[[77649,828599],[77679,828592],[77666,828563],[77649,828599]]],[[[76967,829098],[77547,828752],[77438,828197],[76967,829098]]],[[[80164,828827],[80248,828694],[80111,828630],[80164,828827]]],[[[76933,829142],[76993,829153],[77033,829106],[76933,829142]]],[[[85731,839761],[85095,839971],[85376,839350],[83299,839206],[83340,838657],[81587,839809],[82802,838138],[84781,837590],[85441,838045],[85695,835426],[87058,835944],[87405,835012],[86565,833135],[85141,833393],[83388,831086],[83920,829759],[82205,827128],[80089,827419],[80267,828384],[81295,827609],[80027,829022],[79823,828337],[79414,828618],[78173,828162],[77733,829573],[77552,828863],[76645,829986],[77272,827652],[79130,827270],[78791,827736],[79784,827942],[80133,826332],[81656,826219],[81884,825510],[82430,825201],[81976,823702],[82877,822548],[83072,820302],[82228,819143],[80574,818939],[78451,820707],[80159,818689],[78347,819304],[77835,820373],[76258,819704],[76867,819543],[76348,819355],[77465,817631],[80636,818176],[82731,817209],[82725,815315],[83475,816104],[84656,815012],[84377,814266],[83497,814462],[84211,814294],[83203,813629],[83413,812701],[79176,814714],[78227,814042],[78109,813441],[78029,813930],[77811,814204],[74766,814268],[73746,815425],[72817,819536],[72726,827142],[72195,829298],[70865,829896],[72605,830351],[73557,835018],[75106,836330],[75576,835883],[74981,837027],[75193,842790],[73889,846141],[74921,845928],[75858,847261],[77057,846668],[76615,846374],[79376,847304],[80006,846882],[80295,847621],[79791,846261],[80611,846036],[80480,844977],[81969,845040],[83570,843588],[82132,844139],[82597,843491],[81507,843707],[84923,841343],[84768,840711],[82926,841148],[83096,840535],[83762,840109],[84886,840602],[84375,840088],[85246,840039],[86096,840787],[85731,839761]],[[82924,815363],[82876,815273],[82960,815278],[82924,815363]],[[79349,819126],[79401,819077],[79480,819107],[79432,819149],[79349,819126]],[[79812,827273],[79786,827377],[79771,827335],[79812,827273]],[[80544,828506],[80558,828557],[80488,828527],[80544,828506]],[[76960,828627],[76965,828668],[76936,828687],[76960,828627]],[[84544,841452],[84619,841534],[84436,841472],[84544,841452]]],[[[83816,838369],[83892,838436],[83874,838354],[83816,838369]]],[[[83358,838520],[83411,838456],[83275,838451],[83358,838520]]],[[[83896,840443],[83952,840408],[83850,840334],[83896,840443]]],[[[83881,840544],[83997,840637],[84076,840496],[83881,840544]]],[[[83823,840662],[83850,840611],[83780,840586],[83823,840662]]],[[[83681,840758],[83743,840761],[83755,840733],[83681,840758]]],[[[83834,840769],[83874,840748],[83823,840728],[83834,840769]]],[[[83481,840989],[83699,840959],[83656,840910],[83481,840989]]],[[[83227,842972],[83280,843006],[83380,842846],[83227,842972]]],[[[83634,843153],[83725,843223],[83768,843124],[83634,843153]]],[[[83792,843280],[84049,843359],[84228,842989],[83792,843280]]],[[[82711,843376],[82752,843405],[82804,843361],[82711,843376]]],[[[82998,843395],[83109,843487],[83339,843350],[82998,843395]]],[[[82907,843626],[82885,843706],[82996,843616],[82907,843626]]],[[[83769,843670],[83790,843740],[83931,843625],[83769,843670]]],[[[83529,844503],[83570,844567],[83678,844498],[83529,844503]]],[[[83554,844673],[83661,844621],[83524,844593],[83554,844673]]],[[[82850,845044],[82905,845156],[82988,845035],[82850,845044]]],[[[82215,845222],[82370,845199],[82200,845187],[82215,845222]]],[[[84044,845279],[83827,845385],[83902,845529],[84044,845279]]],[[[83851,845589],[83881,845668],[83954,845536],[83851,845589]]],[[[83352,846000],[83400,846077],[83514,845891],[83352,846000]]],[[[82541,846258],[82712,846255],[82668,845984],[82541,846258]]],[[[83629,846150],[83688,846179],[83726,846129],[83629,846150]]],[[[82296,846216],[82386,846250],[82401,846136],[82296,846216]]],[[[83287,846132],[83338,846317],[83588,846097],[83287,846132]]],[[[83604,846204],[83625,846255],[83726,846177],[83604,846204]]],[[[83263,846364],[83221,846261],[83168,846461],[83263,846364]]],[[[83372,846452],[83443,846308],[83275,846478],[83372,846452]]],[[[83853,846487],[84030,846405],[84042,846305],[83853,846487]]],[[[83564,846483],[83640,846524],[83689,846355],[83564,846483]]],[[[83685,846536],[83716,846562],[83807,846434],[83685,846536]]],[[[82503,846738],[82542,846879],[82802,846674],[82503,846738]]],[[[83202,846767],[83205,846881],[83311,846681],[83202,846767]]],[[[82552,846965],[82448,846977],[82460,847018],[82552,846965]]],[[[84046,847284],[84062,847311],[84085,847274],[84046,847284]]],[[[82328,847303],[82346,847328],[82390,847291],[82328,847303]]],[[[84005,847375],[84039,847352],[84014,847312],[84005,847375]]],[[[83988,847402],[84000,847385],[83958,847371],[83988,847402]]],[[[83699,847405],[83743,847448],[83770,847383],[83699,847405]]],[[[82356,847395],[82384,847450],[82474,847395],[82356,847395]]],[[[83508,847452],[83549,847495],[83684,847368],[83508,847452]]],[[[83415,847612],[83491,847602],[83463,847530],[83415,847612]]],[[[83557,847641],[83537,847711],[83674,847623],[83557,847641]]],[[[83212,847753],[83318,847690],[83304,847647],[83212,847753]]],[[[78139,849060],[77632,847619],[76929,846774],[78139,849060]]],[[[82759,847994],[82847,847934],[82801,847924],[82759,847994]]],[[[82511,848010],[82697,847956],[82626,847929],[82511,848010]]],[[[82435,847996],[82440,848061],[82492,847981],[82435,847996]]],[[[82334,848052],[82189,848108],[82311,848082],[82334,848052]]],[[[82380,848154],[82461,848125],[82373,848109],[82380,848154]]],[[[82035,848272],[82101,848230],[82041,848222],[82035,848272]]],[[[82024,848379],[82031,848422],[82124,848321],[82024,848379]]],[[[82163,848366],[82138,848431],[82239,848328],[82163,848366]]],[[[84322,852317],[84484,851518],[83959,851594],[84326,851088],[83093,850975],[85156,849839],[85435,850192],[86743,849898],[85412,850777],[86527,850341],[87128,850462],[87743,849653],[87868,849065],[86553,849423],[87540,848125],[84635,847959],[85517,846728],[82097,848532],[81105,848903],[81049,848530],[83454,847507],[83994,846541],[82398,847883],[81234,847500],[81506,846706],[79311,849416],[78361,849004],[76464,849736],[75813,855156],[77696,855497],[78529,857336],[79893,857440],[79661,856395],[80721,856346],[80287,855893],[83265,856084],[82534,855705],[83836,855370],[83815,854062],[84987,853866],[85321,855147],[86186,854768],[86119,853699],[86328,854596],[88236,853085],[87539,852473],[86174,853345],[85748,852211],[87091,851561],[85633,851760],[85244,852590],[85103,850997],[84322,852317]],[[86237,849825],[86219,849967],[86090,849925],[86237,849825]]],[[[75910,855565],[76072,855478],[75891,855460],[75910,855565]]],[[[83189,856818],[83245,856863],[83272,856787],[83189,856818]]],[[[80275,857223],[80574,856773],[80119,856744],[80275,857223]]],[[[82956,857998],[83328,857856],[83303,857693],[82956,857998]]],[[[82487,858101],[82713,858235],[82944,857920],[82675,857781],[82487,858101]]],[[[79794,858247],[80270,858047],[79744,857854],[79794,858247]]],[[[83537,858493],[83676,858458],[83641,858389],[83537,858493]]],[[[83797,858865],[84170,858902],[84266,858707],[83797,858865]]],[[[83312,859310],[83416,859313],[83393,859229],[83312,859310]]],[[[80786,860015],[80747,859705],[80595,859649],[80786,860015]]],[[[80958,860446],[81005,860183],[80890,860319],[80958,860446]]],[[[81258,860487],[81319,860757],[81465,860425],[81258,860487]]],[[[80689,861085],[80958,861129],[80677,860841],[80689,861085]]],[[[80509,861429],[80642,861495],[80602,861362],[80509,861429]]],[[[80527,861655],[80687,861603],[80240,861294],[80527,861655]]],[[[78389,863426],[78518,863439],[78508,863350],[78389,863426]]],[[[78417,863535],[78556,863604],[78486,863503],[78417,863535]]],[[[83940,863736],[83940,863672],[83745,863639],[83940,863736]]],[[[83657,863752],[83847,863751],[83745,863667],[83657,863752]]],[[[83445,863960],[83484,863925],[83414,863889],[83445,863960]]],[[[83937,864031],[83312,864035],[83516,864329],[83937,864031]]],[[[84003,864245],[84050,864231],[84001,864130],[84003,864245]]],[[[77011,865285],[75908,864994],[76115,865468],[76206,865255],[77011,865285]]],[[[75199,866345],[75894,864983],[77020,864366],[75875,864174],[75199,866345]]],[[[76638,865591],[76790,865619],[76630,865484],[76638,865591]]],[[[77063,865850],[76737,866197],[76851,866169],[77063,865850]]],[[[76041,866580],[76000,866428],[75727,866353],[76041,866580]]],[[[92133,874481],[92881,873850],[93808,873909],[93525,872673],[95859,873549],[94566,874711],[95024,875125],[96222,873298],[97345,873451],[97986,872444],[95502,869003],[93728,871117],[94756,872000],[92832,871511],[91576,872213],[91953,873320],[90685,873668],[89589,873537],[90380,873036],[88943,873381],[89415,873034],[88677,872995],[90440,872024],[89412,871017],[90609,870482],[90147,870162],[90941,870371],[92438,869810],[90626,869784],[92283,869339],[92140,868044],[91157,868916],[91595,868078],[90550,868152],[91641,867868],[90209,867759],[91992,867786],[91848,867521],[91579,867029],[92263,866833],[95333,867423],[94112,864451],[91379,863605],[90749,864615],[89945,864765],[90314,863912],[87837,864718],[88720,863909],[85557,863709],[85512,863921],[84967,864396],[86194,864157],[86408,865286],[85900,865952],[85946,864847],[83790,864895],[84860,864438],[84771,863872],[83651,864438],[83337,865486],[83571,864588],[82730,863978],[83982,862929],[84035,863771],[91097,862577],[91143,863376],[92966,863183],[91970,859048],[90567,858803],[91761,858287],[90088,858293],[87532,859794],[87226,859255],[88600,858253],[87025,859263],[86385,858922],[87100,858587],[85738,858518],[84642,859265],[85218,859637],[84815,860309],[84731,859700],[83694,860092],[84141,859599],[83124,859281],[82083,860409],[82894,859184],[81945,858926],[81119,859460],[81847,860742],[81410,861974],[80309,862803],[79181,857964],[78521,858536],[78317,860460],[76773,863240],[76858,863932],[77782,862273],[78137,863436],[78445,863000],[79068,863684],[78685,862765],[79459,862544],[80378,862904],[79784,863842],[82443,864010],[79379,864358],[76708,866375],[76928,867753],[76194,867170],[74947,868361],[75584,867261],[74678,866405],[72301,866377],[71792,868018],[72532,868875],[71685,869372],[72000,868343],[71183,868157],[68780,870169],[69592,871370],[69765,870432],[70404,870611],[70906,872214],[70190,872623],[71826,873032],[71721,874298],[72897,875557],[72842,875886],[72439,876553],[75164,876773],[75629,875631],[76764,875453],[77383,874364],[77115,873738],[76115,874170],[78860,872865],[79508,875937],[81756,876896],[81548,878232],[83454,879571],[83715,878741],[82807,877957],[83353,876509],[82914,877390],[81808,875678],[84431,874933],[84814,873464],[84755,874821],[85804,874181],[86728,874680],[86164,875099],[87172,874726],[85371,876090],[87523,876781],[88899,878651],[89713,877842],[89955,878907],[91383,879953],[90792,880766],[90403,879946],[88691,880581],[90655,883533],[92750,883838],[93926,882692],[93290,881412],[92130,881719],[92446,880822],[90765,879388],[90556,878657],[92157,877558],[91206,877529],[92759,876901],[92225,875970],[92354,875575],[91658,876187],[91645,875218],[90926,875314],[92103,874940],[89311,875338],[90479,874890],[90317,874804],[90764,874461],[90549,873830],[92716,873939],[92133,874481]],[[72093,874591],[72055,874565],[72125,874573],[72093,874591]],[[72173,874736],[72153,874695],[72215,874728],[72173,874736]],[[82379,860228],[82370,860160],[82450,860168],[82379,860228]],[[74203,876473],[74240,876535],[74215,876539],[74203,876473]],[[74361,876549],[74387,876586],[74335,876565],[74361,876549]],[[74775,876645],[74762,876701],[74721,876710],[74775,876645]],[[89766,858491],[89773,858545],[89695,858534],[89766,858491]],[[91113,868141],[91150,868160],[91071,868189],[91113,868141]],[[91996,868771],[91987,868667],[92124,868798],[91996,868771]],[[89699,875156],[89608,875218],[89535,875182],[89699,875156]]],[[[84874,858790],[84868,858065],[84848,858367],[84831,858441],[84141,859599],[84874,858790]]],[[[77534,874594],[77625,874637],[77684,874583],[77534,874594]]],[[[77238,874633],[77277,874703],[77475,874552],[77238,874633]]],[[[77756,874679],[78038,874766],[77968,874581],[77756,874679]]],[[[77730,875051],[77739,875095],[77878,875031],[77730,875051]]],[[[83623,875405],[83705,875434],[83709,875405],[83623,875405]]],[[[76115,875750],[76295,875647],[76087,875606],[76115,875750]]],[[[76343,875838],[76437,875829],[76323,875754],[76343,875838]]],[[[76899,875884],[76972,875845],[76943,875815],[76899,875884]]],[[[76002,875896],[76240,875972],[76290,875850],[76002,875896]]],[[[75869,876009],[75851,876070],[75907,876006],[75869,876009]]],[[[75818,876676],[77382,876725],[77201,877224],[77447,876837],[79616,876931],[78431,875459],[78183,876163],[75832,876136],[75818,876676]]],[[[75504,876655],[75551,876656],[75537,876600],[75504,876655]]],[[[74269,876757],[74312,876783],[74337,876772],[74269,876757]]],[[[75281,876731],[75245,876826],[75346,876729],[75281,876731]]],[[[74230,876853],[74254,876759],[74169,876787],[74230,876853]]],[[[74808,876917],[74841,876820],[74753,876900],[74808,876917]]],[[[74693,876917],[74736,876885],[74723,876855],[74693,876917]]],[[[73583,876939],[73617,876912],[73564,876892],[73583,876939]]],[[[75025,876915],[75034,877026],[75062,876859],[75025,876915]]],[[[75233,877058],[75296,877050],[75319,876939],[75233,877058]]],[[[73596,877061],[73628,876994],[73588,876972],[73596,877061]]],[[[83402,878237],[83538,878159],[83403,878150],[83402,878237]]],[[[73682,946466],[73726,946476],[73690,946434],[73682,946466]]],[[[74283,946613],[74350,946626],[74341,946586],[74283,946613]]],[[[85832,837632],[85907,837560],[85836,837556],[85832,837632]]],[[[85360,838171],[85401,838188],[85412,838129],[85360,838171]]],[[[84699,838288],[84792,838113],[84281,838051],[84699,838288]]],[[[85458,838233],[85435,838302],[85503,838243],[85458,838233]]],[[[85532,838365],[85628,838339],[85587,838306],[85532,838365]]],[[[84017,838441],[84571,838740],[84442,838237],[84017,838441]]],[[[85626,838764],[85897,838499],[85446,838487],[85626,838764]]],[[[85163,839279],[85173,839259],[85117,839256],[85163,839279]]],[[[84926,840246],[85072,840224],[84979,840159],[84926,840246]]],[[[86188,840304],[86662,840647],[86138,839937],[86188,840304]]],[[[86836,840525],[86914,840341],[86683,840093],[86836,840525]]],[[[85035,840438],[85087,840394],[85067,840362],[85035,840438]]],[[[84206,840705],[84329,840591],[84214,840539],[84206,840705]]],[[[85137,840607],[85306,840690],[85341,840592],[85137,840607]]],[[[84891,840678],[84910,840720],[84988,840663],[84891,840678]]],[[[86211,840742],[86253,840731],[86223,840697],[86211,840742]]],[[[85458,840776],[85527,840790],[85532,840750],[85458,840776]]],[[[86381,840829],[86418,840846],[86406,840811],[86381,840829]]],[[[85000,840864],[85008,840808],[84947,840859],[85000,840864]]],[[[86181,840887],[86294,840798],[86222,840803],[86181,840887]]],[[[85021,840972],[85124,840977],[85139,840849],[85021,840972]]],[[[86228,840993],[86415,840928],[86255,840892],[86228,840993]]],[[[85721,841075],[85801,841173],[85977,840992],[85721,841075]]],[[[85155,841179],[85232,841171],[85196,841140],[85155,841179]]],[[[85401,841304],[85520,841269],[85394,841250],[85401,841304]]],[[[86539,841471],[86661,841382],[86594,841377],[86539,841471]]],[[[86462,841594],[86497,841628],[86565,841561],[86462,841594]]],[[[84513,841651],[84577,841642],[84571,841591],[84513,841651]]],[[[85008,841622],[85000,841693],[85102,841618],[85008,841622]]],[[[84548,842063],[84541,842108],[84621,842042],[84548,842063]]],[[[84224,842137],[84290,842113],[84258,842080],[84224,842137]]],[[[84543,842207],[84667,842207],[84635,842132],[84543,842207]]],[[[84175,842785],[84200,842838],[84386,842755],[84175,842785]]],[[[84034,842942],[84074,842959],[84101,842929],[84034,842942]]],[[[84909,842914],[84726,843022],[84804,843051],[84909,842914]]],[[[84446,843126],[84505,843093],[84509,843071],[84446,843126]]],[[[84399,843250],[84452,843232],[84403,843228],[84399,843250]]],[[[84445,843773],[84441,843799],[84476,843769],[84445,843773]]],[[[85276,844328],[84968,844643],[85527,844308],[85276,844328]]],[[[85398,844620],[85566,844557],[85470,844548],[85398,844620]]],[[[86912,844649],[86999,844688],[87016,844612],[86912,844649]]],[[[86777,844698],[86835,844712],[86825,844653],[86777,844698]]],[[[87581,844700],[87656,844748],[87643,844659],[87581,844700]]],[[[85942,844752],[85994,844717],[85965,844674],[85942,844752]]],[[[86682,844815],[86752,844774],[86633,844712],[86682,844815]]],[[[85021,844797],[85079,844857],[85193,844703],[85021,844797]]],[[[84825,844783],[84804,844857],[84916,844735],[84825,844783]]],[[[86556,844923],[86634,844936],[86625,844886],[86556,844923]]],[[[84684,844954],[84795,845006],[84726,844897],[84684,844954]]],[[[84540,844982],[84449,844912],[84484,845037],[84540,844982]]],[[[85533,845128],[85904,844871],[85330,844921],[85533,845128]]],[[[86554,845173],[86683,845185],[86725,845150],[86554,845173]]],[[[86936,845297],[86995,845253],[86876,845217],[86936,845297]]],[[[85545,845313],[85657,845313],[85686,845222],[85545,845313]]],[[[84548,845379],[84920,845312],[84713,845201],[84548,845379]]],[[[84308,845333],[84368,845357],[84418,845274],[84308,845333]]],[[[87199,845381],[87216,845322],[87122,845283],[87199,845381]]],[[[84509,845432],[84593,845430],[84596,845397],[84509,845432]]],[[[85338,845482],[85374,845468],[85380,845436],[85338,845482]]],[[[84528,845569],[84557,845582],[84571,845552],[84528,845569]]],[[[85498,845730],[85565,845687],[85473,845663],[85498,845730]]],[[[83788,846013],[84035,846165],[84799,845473],[84564,845662],[84403,845624],[84098,845501],[83788,846013]]],[[[84464,845921],[84519,846370],[84910,845662],[84464,845921]]],[[[84748,846125],[85222,846383],[85316,845754],[84748,846125]]],[[[84151,846177],[84203,846174],[84311,846063],[84151,846177]]],[[[85928,846094],[85817,846182],[85826,846255],[85928,846094]]],[[[87946,846540],[88367,845813],[86385,845167],[87357,844853],[86244,845029],[85667,845576],[86598,846200],[86416,846705],[88478,847521],[87946,846540]]],[[[85250,846477],[85384,846407],[85363,846333],[85250,846477]]],[[[84599,846487],[84646,846489],[84641,846460],[84599,846487]]],[[[84084,846500],[84147,846463],[84091,846457],[84084,846500]]],[[[85002,846546],[85072,846503],[85033,846480],[85002,846546]]],[[[84576,846538],[84586,846559],[84617,846524],[84576,846538]]],[[[86201,846544],[86232,846580],[86303,846513],[86201,846544]]],[[[84378,846479],[84345,846619],[84454,846478],[84378,846479]]],[[[84653,846571],[84670,846593],[84698,846558],[84653,846571]]],[[[85391,846627],[85542,846655],[85526,846502],[85391,846627]]],[[[85626,846631],[85899,846729],[85818,846560],[85626,846631]]],[[[85994,846730],[86125,846638],[86079,846630],[85994,846730]]],[[[84593,846712],[84592,846732],[84649,846690],[84593,846712]]],[[[83989,846761],[84025,846800],[84166,846628],[83989,846761]]],[[[84822,846760],[84842,846710],[84799,846768],[84822,846760]]],[[[84127,846829],[84204,846693],[84070,846804],[84127,846829]]],[[[84611,846808],[84594,846833],[84653,846798],[84611,846808]]],[[[84181,846859],[84242,846858],[84263,846785],[84181,846859]]],[[[84671,846854],[84719,846837],[84737,846806],[84671,846854]]],[[[84821,846877],[84873,846859],[84848,846845],[84821,846877]]],[[[84579,846842],[84505,846897],[84635,846838],[84579,846842]]],[[[85786,846912],[85805,846871],[85748,846844],[85786,846912]]],[[[84128,846940],[84150,846933],[84175,846859],[84128,846940]]],[[[84519,846911],[84575,846937],[84597,846870],[84519,846911]]],[[[84642,846905],[84646,846952],[84675,846888],[84642,846905]]],[[[84488,846974],[84547,846977],[84547,846948],[84488,846974]]],[[[84196,846992],[84237,846990],[84255,846952],[84196,846992]]],[[[84683,846973],[84725,847008],[84734,846958],[84683,846973]]],[[[84541,847100],[84545,847144],[84623,847052],[84541,847100]]],[[[84308,847114],[84337,847154],[84406,847078],[84308,847114]]],[[[86473,847092],[86395,847136],[86471,847146],[86473,847092]]],[[[85910,847104],[85904,847161],[85963,847096],[85910,847104]]],[[[86194,847270],[86247,847295],[86251,847219],[86194,847270]]],[[[85530,847548],[85562,847532],[85551,847487],[85530,847548]]],[[[85665,847578],[85737,847667],[85833,847544],[85665,847578]]],[[[87103,847833],[86815,847387],[85913,847773],[87103,847833]]],[[[85200,847704],[85506,847589],[85345,847525],[85200,847704]]],[[[85499,847707],[85607,847680],[85553,847638],[85499,847707]]],[[[87129,847839],[87414,848005],[88053,847854],[87250,847546],[87129,847839]]],[[[86798,847892],[86950,847980],[87006,847864],[86798,847892]]],[[[85926,847966],[86046,848015],[86268,847851],[85926,847966]]],[[[85029,850253],[85099,850269],[85133,850238],[85029,850253]]],[[[87405,850422],[87472,850469],[87526,850373],[87405,850422]]],[[[84754,850509],[84810,850531],[84835,850505],[84754,850509]]],[[[84614,850583],[84621,850628],[84701,850566],[84614,850583]]],[[[86398,850776],[86880,850590],[86430,850531],[86398,850776]]],[[[85214,850659],[85149,850641],[85192,850693],[85214,850659]]],[[[84920,850693],[84958,850771],[84986,850672],[84920,850693]]],[[[84407,850792],[84579,850842],[84575,850732],[84407,850792]]],[[[85092,850862],[85160,850818],[85095,850784],[85092,850862]]],[[[86616,851012],[86671,851017],[86700,850969],[86616,851012]]],[[[85170,851023],[85195,850992],[85130,850987],[85170,851023]]],[[[86440,851195],[86591,851086],[86381,851082],[86440,851195]]],[[[86589,851172],[86678,851182],[86657,851144],[86589,851172]]],[[[84577,851249],[84591,851205],[84539,851193],[84577,851249]]],[[[86118,851221],[86136,851244],[86156,851199],[86118,851221]]],[[[86352,851267],[86447,851275],[86411,851220],[86352,851267]]],[[[86213,851273],[86253,851328],[86333,851265],[86213,851273]]],[[[84225,851352],[84342,851391],[84340,851276],[84225,851352]]],[[[84427,851421],[84480,851429],[84506,851322],[84427,851421]]],[[[84688,851409],[84714,851462],[84765,851421],[84688,851409]]],[[[85404,851554],[85450,851519],[85372,851486],[85404,851554]]],[[[87516,851598],[87649,851491],[87536,851477],[87516,851598]]],[[[85724,851614],[85877,851536],[85745,851533],[85724,851614]]],[[[87151,851812],[87333,851888],[87592,851610],[87151,851812]]],[[[86978,851778],[87065,851839],[87106,851741],[86978,851778]]],[[[86818,852280],[86952,852290],[86961,852219],[86818,852280]]],[[[87233,852274],[87275,852345],[87375,852242],[87233,852274]]],[[[86683,852405],[86787,852356],[86729,852346],[86683,852405]]],[[[86124,852375],[86200,852437],[86209,852350],[86124,852375]]],[[[86553,852409],[86574,852441],[86623,852375],[86553,852409]]],[[[86954,852592],[87006,852594],[87005,852562],[86954,852592]]],[[[87037,852615],[87118,852583],[87078,852572],[87037,852615]]],[[[86255,852847],[86325,853107],[86901,852427],[86255,852847]]],[[[87511,854365],[87537,854419],[87625,854346],[87511,854365]]],[[[84751,854507],[84840,854434],[84738,854342],[84751,854507]]],[[[86451,854974],[86548,854828],[86257,854815],[86451,854974]]],[[[86883,855086],[86830,855159],[86960,855066],[86883,855086]]],[[[85083,855155],[85085,855184],[85122,855155],[85083,855155]]],[[[84970,854712],[84190,854715],[84218,855197],[83634,855760],[84970,854712]]],[[[84717,855578],[84779,855520],[84707,855512],[84717,855578]]],[[[84733,855691],[84800,855731],[84971,855646],[84733,855691]]],[[[84677,855792],[84733,855772],[84711,855766],[84677,855792]]],[[[84822,855815],[84831,855856],[84893,855810],[84822,855815]]],[[[84403,855781],[84320,855998],[84571,855766],[84403,855781]]],[[[83856,856600],[84032,856713],[84388,856530],[84231,856301],[83856,856600]]],[[[85780,857899],[86324,857275],[87628,857455],[87207,856826],[87616,856271],[87219,856329],[88361,854728],[86637,855325],[86548,856007],[85710,855318],[84240,857433],[84183,857097],[83090,856883],[84868,858049],[85580,857687],[85770,857897],[85438,858306],[86735,858036],[85780,857899]]],[[[84085,856924],[84484,856771],[84097,856729],[84085,856924]]],[[[86664,857636],[86767,857587],[86667,857580],[86664,857636]]],[[[86143,857711],[86219,857668],[86134,857660],[86143,857711]]],[[[87027,857700],[87072,857846],[87233,857671],[87027,857700]]],[[[86444,857790],[86366,857806],[86345,857832],[86444,857790]]],[[[85479,857925],[85558,857887],[85491,857886],[85479,857925]]],[[[86806,857955],[86840,857873],[86787,857868],[86806,857955]]],[[[87445,858004],[87660,857839],[87497,857837],[87445,858004]]],[[[84096,857954],[84170,858000],[84147,857899],[84096,857954]]],[[[87378,858141],[87593,858020],[87483,858020],[87378,858141]]],[[[85221,858095],[85281,858099],[85316,858063],[85221,858095]]],[[[87272,858152],[87315,858111],[87248,858104],[87272,858152]]],[[[85184,858171],[85290,858132],[85208,858129],[85184,858171]]],[[[84659,858295],[84799,858254],[84652,858247],[84659,858295]]],[[[84402,858303],[84610,858359],[84618,858226],[84402,858303]]],[[[84781,858351],[84842,858339],[84800,858320],[84781,858351]]],[[[84362,858474],[84487,858498],[84410,858411],[84362,858474]]],[[[87030,858493],[87094,858503],[87096,858430],[87030,858493]]],[[[86700,858565],[86704,858490],[86511,858470],[86700,858565]]],[[[84031,858545],[84072,858612],[84238,858560],[84031,858545]]],[[[83996,859361],[84128,859405],[84154,859223],[83996,859361]]],[[[84547,859602],[84603,859574],[84514,859558],[84547,859602]]],[[[84372,859738],[84492,859703],[84444,859624],[84372,859738]]],[[[86641,863450],[86671,863421],[86628,863405],[86641,863450]]],[[[84843,863789],[85240,863863],[85381,863724],[84843,863789]]],[[[85368,863910],[85426,863913],[85422,863856],[85368,863910]]],[[[84218,863967],[84267,864027],[84263,863964],[84218,863967]]],[[[86088,864370],[85959,864210],[85977,864365],[86088,864370]]],[[[85278,864647],[85154,864511],[85046,864607],[85278,864647]]],[[[86052,864652],[86128,864651],[86041,864608],[86052,864652]]],[[[84828,864668],[84845,864660],[84799,864639],[84828,864668]]],[[[85815,864703],[85834,864770],[85857,864678],[85815,864703]]],[[[86008,864992],[86029,865069],[86060,864945],[86008,864992]]],[[[86154,865036],[86212,865058],[86211,865019],[86154,865036]]],[[[86069,865149],[85978,865170],[85995,865197],[86069,865149]]],[[[85528,874862],[85622,874967],[85718,874788],[85528,874862]]],[[[85365,875096],[85509,875060],[85357,874986],[85365,875096]]],[[[83363,875919],[84831,876535],[85190,875684],[84967,875069],[83363,875919]]],[[[84141,876399],[84301,876440],[84188,876310],[84141,876399]]],[[[87224,878825],[87512,878480],[87066,878031],[86738,878643],[87224,878825]]],[[[85998,881760],[85594,880065],[84490,880952],[84981,882315],[85998,881760]]],[[[85257,884282],[85407,884276],[85356,884221],[85257,884282]]],[[[87332,890725],[87424,890774],[87550,890489],[87332,890725]]],[[[87215,911735],[87640,911898],[87855,911592],[87550,911273],[87215,911735]]],[[[92873,745694],[92910,745634],[92766,745579],[92873,745694]]],[[[92330,747813],[92382,747875],[92439,747779],[92330,747813]]],[[[92096,747865],[92270,747957],[92223,747853],[92096,747865]]],[[[91737,747955],[91833,747987],[91708,747845],[91737,747955]]],[[[91685,748036],[91790,748161],[91772,747979],[91685,748036]]],[[[92217,748098],[92306,748203],[92467,747977],[92217,748098]]],[[[91841,748694],[91968,748730],[91909,748647],[91841,748694]]],[[[91740,748757],[91821,748752],[91780,748661],[91740,748757]]],[[[91786,748806],[91825,748853],[91842,748752],[91786,748806]]],[[[88061,845544],[88272,845644],[88210,845541],[88061,845544]]],[[[88414,846272],[88413,846341],[88495,846258],[88414,846272]]],[[[88375,846399],[88453,846447],[88428,846389],[88375,846399]]],[[[88502,846736],[88582,846569],[88445,846504],[88502,846736]]],[[[87744,848029],[87838,848002],[87817,847920],[87744,848029]]],[[[87926,848427],[87994,848444],[88006,848394],[87926,848427]]],[[[87707,848532],[87749,848532],[87751,848490],[87707,848532]]],[[[87864,848509],[87817,848505],[87779,848559],[87864,848509]]],[[[88575,848692],[88548,848615],[88481,848681],[88575,848692]]],[[[88090,848784],[88189,848702],[88139,848668],[88090,848784]]],[[[87695,848982],[87664,849046],[87851,848965],[87695,848982]]],[[[88212,849111],[88227,849149],[88271,849092],[88212,849111]]],[[[88298,849153],[88185,849249],[88203,849342],[88298,849153]]],[[[87814,849665],[87936,849635],[87911,849563],[87814,849665]]],[[[88297,849834],[88420,849838],[88344,849700],[88297,849834]]],[[[88523,849716],[88495,849900],[88682,849656],[88523,849716]]],[[[88429,850005],[88519,850017],[88672,849816],[88429,850005]]],[[[87779,850176],[88083,850204],[88194,849925],[87779,850176]]],[[[87807,851824],[87897,851832],[87985,851652],[87807,851824]]],[[[89307,851951],[89390,851976],[89479,851850],[89307,851951]]],[[[89100,851920],[89158,851940],[89162,851893],[89100,851920]]],[[[88905,851986],[89011,851982],[89010,851907],[88905,851986]]],[[[88743,851969],[88824,852022],[88824,851967],[88743,851969]]],[[[89037,851984],[88951,852092],[89148,851982],[89037,851984]]],[[[88818,852235],[88860,852249],[88884,852220],[88818,852235]]],[[[88677,852451],[88756,852398],[88679,852353],[88677,852451]]],[[[88095,852484],[88123,852432],[87981,852426],[88095,852484]]],[[[89119,852519],[89229,852605],[89324,852526],[89119,852519]]],[[[88494,852624],[88595,852651],[88601,852506],[88494,852624]]],[[[89014,852826],[89063,852524],[89141,852490],[88972,852486],[89014,852826]]],[[[88042,852709],[88149,852741],[88222,852608],[88042,852709]]],[[[88700,852775],[88866,852891],[88751,852487],[88700,852775]]],[[[88439,852972],[88576,853130],[88586,852738],[88439,852972]]],[[[87699,854220],[88032,853999],[87722,853981],[87699,854220]]],[[[87951,854628],[88045,854579],[87933,854559],[87951,854628]]],[[[88104,854679],[88255,854597],[88091,854625],[88104,854679]]],[[[88099,854686],[88050,854652],[88039,854704],[88099,854686]]],[[[88468,854928],[88506,854927],[88499,854885],[88468,854928]]],[[[90363,855034],[90581,855055],[90467,854846],[90363,855034]]],[[[88502,854947],[88498,854967],[88559,854937],[88502,854947]]],[[[88796,855084],[88836,855227],[88937,855053],[88796,855084]]],[[[88113,855173],[88148,855194],[88207,855115],[88113,855173]]],[[[88296,855155],[88228,855198],[88290,855186],[88296,855155]]],[[[88305,855169],[88370,855236],[88428,855133],[88305,855169]]],[[[88684,855181],[88695,855214],[88716,855171],[88684,855181]]],[[[88737,855212],[88750,855227],[88760,855181],[88737,855212]]],[[[88679,855248],[88698,855220],[88636,855210],[88679,855248]]],[[[88026,855265],[88057,855279],[88078,855249],[88026,855265]]],[[[88408,855358],[88513,855699],[88866,855308],[88408,855358]]],[[[88652,855682],[88706,855703],[88772,855614],[88652,855682]]],[[[88777,854498],[89155,855656],[88093,856386],[88366,857288],[89931,856378],[88982,857718],[89243,857422],[90494,857566],[90964,856657],[90003,855958],[90826,855891],[89515,853912],[88777,854498]],[[88966,854725],[88950,854765],[88887,854784],[88966,854725]],[[90610,856938],[90633,857006],[90528,856984],[90610,856938]],[[90514,857053],[90582,857057],[90536,857098],[90514,857053]]],[[[90930,856204],[90992,856250],[91118,856179],[90930,856204]]],[[[91018,856436],[91080,856289],[90711,856230],[91018,856436]]],[[[87594,856699],[87796,856674],[87839,856544],[87594,856699]]],[[[91018,856655],[91058,856676],[91082,856621],[91018,856655]]],[[[87917,857107],[87986,857057],[87987,857005],[87917,857107]]],[[[90809,857162],[91171,857648],[92020,857307],[91326,856702],[90809,857162]]],[[[88322,857675],[88365,857748],[88584,857570],[88322,857675]]],[[[89394,857700],[89616,857703],[89509,857623],[89394,857700]]],[[[88530,857708],[88714,857755],[88741,857597],[88530,857708]]],[[[90062,857689],[90173,857723],[90213,857683],[90062,857689]]],[[[91252,857806],[91323,857765],[91221,857754],[91252,857806]]],[[[90722,857997],[90987,857864],[90786,857730],[90722,857997]]],[[[91180,857923],[91330,857887],[91209,857831],[91180,857923]]],[[[88332,857935],[88534,857843],[88348,857881],[88332,857935]]],[[[91382,857997],[91614,857784],[91377,857822],[91382,857997]]],[[[90074,857963],[90157,857895],[89931,857879],[90074,857963]]],[[[87968,857974],[88010,858003],[88112,857914],[87968,857974]]],[[[88045,858025],[88125,858064],[88151,857929],[88045,858025]]],[[[91445,858019],[91841,858236],[92164,858092],[91958,857829],[91445,858019]]],[[[88944,858041],[89720,858245],[89544,858065],[89819,857848],[88944,858041]]],[[[88761,858164],[88889,858106],[88852,858095],[88761,858164]]],[[[88125,858208],[88233,858290],[88384,858114],[88125,858208]]],[[[87663,858149],[87676,858269],[87795,858154],[87663,858149]]],[[[89334,858419],[89367,858388],[89320,858382],[89334,858419]]],[[[89112,858393],[89129,858478],[89253,858358],[89112,858393]]],[[[89061,858715],[89123,858817],[89405,858555],[89061,858715]]],[[[88765,858971],[89042,858858],[88899,858677],[88765,858971]]],[[[90923,863044],[91073,863105],[91104,862993],[90923,863044]]],[[[90737,863331],[90882,863278],[90637,863243],[90737,863331]]],[[[92593,863299],[92672,863345],[92719,863318],[92609,863275],[92593,863299]]],[[[92914,863352],[92956,863369],[92956,863322],[92914,863352]]],[[[88308,863372],[88399,863413],[88362,863347],[88308,863372]]],[[[88288,863728],[88313,863675],[88209,863641],[88288,863728]]],[[[89104,863779],[89102,863807],[89174,863768],[89104,863779]]],[[[89929,863900],[90015,863939],[90000,863843],[89929,863900]]],[[[92218,867118],[92253,867033],[92178,867027],[92218,867118]]],[[[92231,867162],[92345,867224],[92334,867136],[92231,867162]]],[[[91848,867521],[92130,867414],[92039,867163],[91848,867521]]],[[[92766,867900],[92842,867843],[92782,867834],[92766,867900]]],[[[93134,868072],[93190,867980],[93004,867977],[93134,868072]]],[[[91682,868077],[91785,868081],[91762,868049],[91682,868077]]],[[[92278,868503],[92389,868455],[92212,868447],[92278,868503]]],[[[92309,868714],[92383,868689],[92355,868673],[92309,868714]]],[[[92982,869041],[93064,869014],[92976,868893],[92982,869041]]],[[[93079,869175],[93127,869138],[93089,869113],[93079,869175]]],[[[93150,869339],[93215,869341],[93205,869304],[93150,869339]]],[[[92860,869300],[92766,869411],[93018,869244],[92860,869300]]],[[[92609,869627],[92658,869551],[92563,869557],[92609,869627]]],[[[92887,870000],[93289,870073],[93338,869618],[92887,870000]]],[[[92245,869968],[92267,870027],[92411,869924],[92245,869968]]],[[[92379,870075],[92365,870155],[92447,870052],[92379,870075]]],[[[91916,870295],[92091,870263],[91872,870178],[91916,870295]]],[[[91593,870262],[91603,870390],[91705,870212],[91593,870262]]],[[[91164,870304],[91086,870369],[91193,870387],[91164,870304]]],[[[92642,870205],[93254,870566],[93571,870337],[93428,870131],[92642,870205]]],[[[92270,870400],[92355,870426],[92365,870337],[92270,870400]]],[[[90943,870434],[90950,870477],[91023,870379],[90943,870434]]],[[[92475,870531],[92870,870761],[92874,870421],[92475,870531]]],[[[90561,870648],[90652,870630],[90652,870570],[90561,870648]]],[[[92971,870707],[93095,870710],[93092,870546],[92971,870707]]],[[[91884,870624],[91888,870662],[91937,870620],[91884,870624]]],[[[90990,870712],[91000,870642],[90887,870635],[90990,870712]]],[[[90265,870752],[90300,870758],[90384,870730],[90319,870710],[90265,870752]]],[[[91998,870714],[92126,870890],[92260,870673],[91998,870714]]],[[[91237,870828],[91290,870835],[91293,870795],[91237,870828]]],[[[91024,870869],[91159,870910],[91143,870771],[91024,870869]]],[[[89805,870868],[89954,870923],[89997,870835],[89805,870868]]],[[[90303,870838],[90773,871050],[90907,870743],[90303,870838]]],[[[91569,870958],[91624,870917],[91353,870901],[91569,870958]]],[[[91197,870982],[91365,870994],[91400,870942],[91197,870982]]],[[[91458,871034],[91540,871086],[91597,871003],[91458,871034]]],[[[90921,871101],[91070,871194],[90971,870927],[90921,871101]]],[[[92731,871082],[92979,871143],[92794,871044],[92731,871082]]],[[[92217,871253],[92363,871262],[92133,871190],[92217,871253]]],[[[91150,871235],[91157,871295],[91224,871228],[91150,871235]]],[[[91097,871620],[91585,871464],[92136,871619],[92100,870936],[91097,871620]]],[[[91186,871378],[91202,871338],[91117,871329],[91186,871378]]],[[[92812,871478],[93033,871361],[92636,871277],[92812,871478]]],[[[90147,871368],[90237,871398],[90224,871365],[90147,871368]]],[[[92253,871410],[92353,871417],[92330,871361],[92253,871410]]],[[[92239,871503],[92306,871532],[92387,871470],[92239,871503]]],[[[90869,871551],[90995,871618],[91058,871547],[90869,871551]]],[[[90405,871809],[90467,871773],[90414,871774],[90405,871809]]],[[[90725,871921],[90651,871887],[90609,871908],[90725,871921]]],[[[90932,872093],[90673,872103],[90676,872192],[90932,872093]]],[[[90449,872238],[90509,872202],[90482,872107],[90449,872238]]],[[[90377,872488],[90401,872523],[90571,872448],[90377,872488]]],[[[90039,872636],[90276,872700],[90534,872581],[90039,872636]]],[[[90669,872817],[90737,872904],[91010,872763],[90669,872817]]],[[[89183,872953],[89306,872867],[89159,872861],[89183,872953]]],[[[89273,872950],[89500,872965],[89563,872855],[89273,872950]]],[[[90039,873030],[90130,873077],[90202,873020],[90039,873030]]],[[[89633,873085],[89710,873072],[89745,873019],[89633,873085]]],[[[90903,873364],[91316,873228],[91198,873149],[91081,873123],[90903,873364]]],[[[90969,874138],[90926,874238],[91204,874126],[90969,874138]]],[[[92852,874215],[92973,874242],[92985,874172],[92852,874215]]],[[[91579,874240],[91657,874293],[91787,874210],[91579,874240]]],[[[90999,874341],[91164,874411],[91456,874305],[90999,874341]]],[[[91326,874598],[91722,874472],[91505,874439],[91326,874598]]],[[[93011,874537],[92874,874597],[92936,874634],[93011,874537]]],[[[90992,874518],[90930,874791],[91258,874448],[90992,874518]]],[[[92014,874710],[92147,874661],[92044,874620],[92014,874710]]],[[[92776,874695],[92844,874666],[92747,874656],[92776,874695]]],[[[91269,874783],[91464,874743],[91451,874635],[91269,874783]]],[[[90444,874830],[90561,874973],[90838,874575],[90444,874830]]],[[[92397,874873],[92465,874857],[92331,874742],[92397,874873]]],[[[92706,875055],[92832,875070],[92787,874972],[92706,875055]]],[[[92352,875092],[92363,875058],[92294,875044],[92352,875092]]],[[[91796,875339],[91955,875195],[91793,875195],[91796,875339]]],[[[92519,875475],[92791,875374],[92305,875220],[92519,875475]]],[[[92176,875500],[92220,875453],[92119,875432],[92176,875500]]],[[[92541,875769],[92649,875766],[92625,875571],[92541,875769]]],[[[92959,875618],[93121,875835],[93360,875573],[92959,875618]]],[[[92397,875751],[92492,875743],[92506,875658],[92397,875751]]],[[[93131,875899],[93041,875923],[93068,875956],[93131,875899]]],[[[93007,877130],[93054,877205],[93177,877117],[93007,877130]]],[[[92796,877220],[92955,877205],[92953,877107],[92796,877220]]],[[[92239,877651],[92208,877728],[92313,877631],[92239,877651]]],[[[92979,877993],[93103,877915],[93123,877796],[92979,877993]]],[[[91895,878221],[92041,878213],[92081,878020],[91895,878221]]],[[[92808,878382],[92925,878314],[92891,878176],[92808,878382]]],[[[92802,878472],[92878,878582],[92976,878348],[92802,878472]]],[[[91698,879045],[92288,878554],[91701,878763],[91698,879045]]],[[[89318,879000],[89393,879371],[89854,879378],[89744,878884],[89318,879000]]],[[[88954,879700],[89200,879614],[89141,879517],[88954,879700]]],[[[87739,886321],[87869,886535],[88153,886094],[87739,886321]]],[[[88671,886328],[88730,886375],[88825,886265],[88671,886328]]],[[[87721,886729],[87870,886620],[87711,886504],[87721,886729]]],[[[88399,886527],[87037,888198],[89315,889328],[90197,889187],[90943,887763],[89501,886489],[88399,886527]]],[[[87684,890782],[87772,890812],[87780,890729],[87684,890782]]],[[[87559,891374],[87782,891606],[88555,891195],[87806,890791],[87559,891374]]],[[[88045,891552],[88145,891468],[88123,891434],[88045,891552]]],[[[93093,893873],[93270,893957],[93345,893650],[93093,893873]]],[[[88701,910780],[88805,910716],[88709,910715],[88701,910780]]],[[[88974,910773],[89039,910812],[89019,910772],[88974,910773]]],[[[89057,910845],[89128,910818],[89070,910751],[89057,910845]]],[[[88919,910789],[88928,910833],[88954,910786],[88919,910789]]],[[[97331,738513],[97332,738438],[97294,738430],[97331,738513]]],[[[96956,738523],[97007,738529],[96979,738483],[96956,738523]]],[[[97030,738614],[97086,738615],[97001,738539],[97030,738614]]],[[[93304,744354],[93381,744353],[93258,744215],[93304,744354]]],[[[93598,747268],[93606,747217],[93536,747216],[93598,747268]]],[[[94436,747528],[94567,747491],[94485,747465],[94436,747528]]],[[[99558,748018],[99568,748044],[99603,748006],[99558,748018]]],[[[98393,748417],[98575,748347],[98520,748309],[98393,748417]]],[[[100781,748533],[100833,748482],[100799,748433],[100781,748533]]],[[[96610,748843],[96647,748860],[96629,748834],[96610,748843]]],[[[96574,748927],[96641,748955],[96682,748920],[96574,748927]]],[[[96794,749102],[96826,749125],[96803,749064],[96794,749102]]],[[[96895,749172],[96931,749189],[96911,749141],[96895,749172]]],[[[95220,866671],[95281,866720],[95245,866546],[95220,866671]]],[[[95503,867354],[95586,867413],[95517,867256],[95503,867354]]],[[[94799,868132],[94754,868059],[94592,868156],[94799,868132]]],[[[93253,868798],[93475,868561],[93194,868609],[93253,868798]]],[[[93415,869073],[93506,869101],[93706,868973],[93415,869073]]],[[[94318,869055],[93766,869452],[93865,870007],[94427,869581],[94318,869055]]],[[[93585,870544],[93764,870514],[93541,870489],[93585,870544]]],[[[93420,870679],[93497,870677],[93504,870612],[93420,870679]]],[[[93468,870759],[93613,870764],[93561,870681],[93468,870759]]],[[[93285,870768],[93397,870762],[93283,870693],[93285,870768]]],[[[93351,870791],[93236,870829],[93439,870876],[93351,870791]]],[[[93250,871247],[93278,871231],[93254,871225],[93250,871247]]],[[[97836,873285],[97868,873469],[98072,873171],[97836,873285]]],[[[94122,873516],[94150,873753],[94588,873711],[94613,873396],[94122,873516]]],[[[96377,873786],[96808,873573],[96468,873525],[96377,873786]]],[[[93921,873728],[94024,873728],[93984,873632],[93921,873728]]],[[[93987,873892],[94087,873856],[93978,873754],[93987,873892]]],[[[96640,874112],[96691,874183],[96721,874069],[96640,874112]]],[[[97967,874127],[98023,874219],[98058,874068],[97967,874127]]],[[[94420,874149],[94528,874217],[94634,874088],[94420,874149]]],[[[98346,873955],[98807,874848],[99230,874345],[99014,873469],[98346,873955]]],[[[94155,874582],[94310,874396],[94137,874321],[94155,874582]]],[[[93278,874023],[93448,874941],[94276,875055],[93850,874158],[93278,874023]]],[[[96081,874569],[96212,874624],[96246,874541],[96081,874569]]],[[[98052,874768],[97320,874412],[97883,874698],[97548,875154],[98052,874768]]],[[[99561,874784],[99470,875042],[99620,874925],[99561,874784]]],[[[93287,874962],[93225,874945],[93271,874991],[93287,874962]]],[[[98230,875199],[98374,874882],[98085,875223],[98230,875199]]],[[[96248,875607],[96775,874960],[96120,874732],[95819,875214],[96248,875607]]],[[[97875,875817],[97881,875693],[97791,875675],[97875,875817]]],[[[98982,875908],[99050,875922],[99060,875741],[98982,875908]]],[[[94202,875613],[93774,876134],[94453,875612],[94202,875613]]],[[[97303,876017],[97506,876046],[97432,875756],[97303,876017]]],[[[97579,875937],[97690,876023],[97640,875805],[97579,875937]]],[[[98041,876093],[98290,876236],[98326,875806],[98041,876093]]],[[[93930,876208],[94268,876005],[94163,875940],[93930,876208]]],[[[95178,875935],[94603,876032],[94606,876334],[94807,876118],[95158,876283],[95178,875935]]],[[[96643,876286],[97005,876427],[96729,875893],[96643,876286]]],[[[95709,876516],[96251,875891],[95519,875852],[95709,876516]]],[[[97893,876175],[98020,876309],[98020,876165],[97893,876175]]],[[[93526,876266],[93507,876350],[93753,876184],[93526,876266]]],[[[97198,876419],[97265,876243],[97075,876163],[97198,876419]]],[[[94995,876503],[94908,876254],[94802,876248],[94995,876503]]],[[[93762,876304],[93546,876602],[94157,876163],[93762,876304]]],[[[93183,876515],[93230,876593],[93535,876428],[93183,876515]]],[[[93280,876727],[93234,876824],[93465,876623],[93280,876727]]],[[[93522,876916],[93719,876827],[93791,876659],[93522,876916]]],[[[93694,876905],[93682,877095],[93985,876695],[93694,876905]]],[[[97489,877122],[97745,876910],[97539,876869],[97489,877122]]],[[[97887,877059],[97862,876978],[97801,876977],[97887,877059]]],[[[93903,877308],[93948,877433],[93967,877280],[93903,877308]]],[[[93778,877426],[93902,877591],[93889,877403],[93778,877426]]],[[[93271,877892],[93510,878097],[93516,877402],[93271,877892]]],[[[99024,878874],[98944,878831],[98890,878994],[99024,878874]]],[[[99845,879487],[100314,879710],[100762,878889],[99845,879487]]],[[[96478,879593],[96519,879237],[96196,879460],[96478,879593]]],[[[96669,879384],[96784,879704],[96998,879629],[96669,879384]]],[[[99699,879788],[99642,879946],[99814,879735],[99699,879788]]],[[[99167,880654],[99379,880457],[99308,880395],[99167,880654]]],[[[99014,880614],[99028,880659],[99108,880562],[99014,880614]]],[[[98765,880647],[98674,880787],[98851,880621],[98765,880647]]],[[[98880,880835],[99010,880743],[99003,880700],[98880,880835]]],[[[93347,881024],[93395,881071],[93511,880784],[93347,881024]]],[[[98433,881036],[98454,881424],[98832,880883],[98433,881036]]],[[[99186,881705],[99243,881734],[99323,881628],[99186,881705]]],[[[99509,881857],[99660,881699],[99590,881696],[99509,881857]]],[[[99176,881932],[99158,882046],[99245,881886],[99176,881932]]],[[[99257,882177],[99162,882299],[99322,882171],[99257,882177]]],[[[99126,882374],[99147,882413],[99214,882333],[99126,882374]]],[[[98039,882410],[98058,882482],[98280,882335],[98039,882410]]],[[[98789,882466],[98768,882579],[98880,882455],[98789,882466]]],[[[99073,882615],[98967,882665],[98962,882745],[99073,882615]]],[[[98080,882918],[98105,882934],[98218,882774],[98080,882918]]],[[[97697,882996],[97014,883606],[97433,884659],[98807,882736],[97986,883189],[97697,882996]]],[[[98205,883950],[98259,883970],[98399,883874],[98205,883950]]],[[[99987,884194],[99936,884384],[100161,884164],[99987,884194]]],[[[98270,884423],[98389,884380],[98471,884226],[98270,884423]]],[[[98881,884459],[98932,884409],[98896,884407],[98881,884459]]],[[[99337,884873],[99389,884983],[99390,884845],[99337,884873]]],[[[96417,884976],[96463,884989],[96468,884923],[96417,884976]]],[[[96292,885296],[96408,885258],[96482,885128],[96292,885296]]],[[[96637,885313],[96692,885339],[96713,885296],[96637,885313]]],[[[96425,885405],[96477,885415],[96455,885329],[96425,885405]]],[[[95967,885442],[95895,885610],[96179,885380],[95967,885442]]],[[[96144,885573],[96194,885516],[96189,885426],[96144,885573]]],[[[99384,885541],[99390,885641],[99434,885526],[99384,885541]]],[[[99947,885713],[99904,885873],[99986,885790],[99947,885713]]],[[[98174,884835],[96969,886845],[97949,887478],[98174,884835]]],[[[100376,886409],[100495,886499],[100541,886400],[100376,886409]]],[[[99717,886839],[99810,886915],[99868,886581],[99717,886839]]],[[[99439,886832],[99560,886961],[99571,886711],[99439,886832]]],[[[99476,887055],[99509,887118],[99537,887050],[99476,887055]]],[[[99340,887104],[99375,887163],[99393,887038],[99340,887104]]],[[[98465,888416],[98474,888349],[98448,888371],[98465,888416]]],[[[98662,888423],[98606,888400],[98652,888450],[98662,888423]]],[[[98705,888620],[98802,888535],[98685,888450],[98705,888620]]],[[[98688,888667],[98705,888713],[98708,888654],[98688,888667]]],[[[97168,891187],[97222,891195],[97202,891153],[97168,891187]]],[[[95629,893293],[95666,893291],[95635,893236],[95629,893293]]],[[[95683,893513],[95697,893455],[95651,893451],[95683,893513]]],[[[95945,894772],[95945,894840],[96053,894727],[95945,894772]]],[[[96023,894864],[96080,894821],[96060,894767],[96023,894864]]],[[[98830,899755],[98899,899782],[98848,899719],[98830,899755]]],[[[98483,900329],[98666,900237],[98536,900157],[98483,900329]]],[[[100699,901760],[100700,901785],[100767,901755],[100699,901760]]],[[[100562,901806],[100576,901846],[100636,901785],[100562,901806]]],[[[100658,901909],[100712,901922],[100685,901897],[100658,901909]]],[[[96755,905511],[96803,905450],[96752,905446],[96755,905511]]],[[[96384,905840],[96439,905858],[96456,905800],[96384,905840]]],[[[96474,905900],[96545,905809],[96481,905802],[96474,905900]]],[[[97238,905935],[97265,905954],[97307,905927],[97238,905935]]],[[[97262,906037],[97292,906040],[97297,906002],[97262,906037]]],[[[96935,906354],[97040,906366],[97054,906282],[96935,906354]]],[[[96602,906838],[96696,906780],[96612,906778],[96602,906838]]],[[[100221,908568],[100300,908583],[100275,908455],[100221,908568]]],[[[100128,908541],[100134,908581],[100170,908525],[100128,908541]]],[[[100052,908653],[100095,908657],[100098,908627],[100052,908653]]],[[[98737,909700],[98693,909730],[98740,909722],[98737,909700]]],[[[98985,909877],[99045,909845],[99055,909796],[98985,909877]]],[[[98438,909885],[98476,909836],[98410,909804],[98438,909885]]],[[[98726,909923],[98783,909927],[98791,909858],[98726,909923]]],[[[97904,911707],[97913,911689],[97883,911669],[97904,911707]]],[[[98117,912858],[98189,912917],[98205,912833],[98117,912858]]],[[[97578,913208],[97606,913239],[97616,913164],[97578,913208]]],[[[97230,913667],[97310,913655],[97205,913570],[97230,913667]]],[[[96532,913906],[96578,913944],[96551,913887],[96532,913906]]],[[[95371,914369],[95333,914352],[95350,914429],[95371,914369]]],[[[95498,914557],[95467,914390],[95426,914452],[95498,914557]]],[[[95516,914687],[95520,914720],[95523,914681],[95516,914687]]],[[[95094,915824],[95009,915842],[94845,916155],[97555,916842],[98608,915814],[98659,913094],[96966,914029],[95731,913810],[95536,914799],[95100,915128],[95207,915604],[95094,915824]],[[95729,913869],[95853,913920],[95813,913960],[95729,913869]]],[[[99288,915186],[99438,915472],[99540,915008],[99288,915186]]],[[[94993,915419],[95017,915506],[95020,915399],[94993,915419]]],[[[99667,915510],[99699,915443],[99643,915412],[99667,915510]]],[[[99281,915533],[99308,915460],[99217,915446],[99281,915533]]],[[[94989,915602],[95021,915594],[94995,915543],[94989,915602]]],[[[95008,915710],[95026,915640],[95005,915605],[95008,915710]]],[[[95060,915707],[95080,915802],[95152,915633],[95060,915707]]],[[[94792,915844],[94904,915883],[94819,915813],[94792,915844]]],[[[94956,916238],[95106,916277],[95094,916219],[94956,916238]]],[[[95039,916372],[95094,916364],[95027,916339],[95039,916372]]],[[[97465,916983],[97499,916936],[97461,916933],[97465,916983]]],[[[97275,917063],[97308,917077],[97322,917049],[97275,917063]]],[[[96727,917322],[96650,917019],[96159,916936],[96727,917322]]],[[[96008,917232],[96190,917258],[96049,917074],[96008,917232]]],[[[96160,918614],[96192,918567],[96101,918558],[96160,918614]]],[[[95125,918988],[95179,919006],[95164,918970],[95125,918988]]],[[[100674,919316],[100737,919377],[100702,919282],[100674,919316]]],[[[99624,919882],[99889,919588],[99647,919565],[99624,919882]]],[[[99795,920252],[99804,920290],[99814,920252],[99795,920252]]],[[[98313,920806],[98372,920755],[98268,920736],[98313,920806]]],[[[97276,921372],[97344,921357],[97309,921296],[97276,921372]]],[[[97605,921965],[97216,922050],[97886,922337],[98313,920813],[97326,921105],[97794,921635],[97605,921965]]],[[[97470,921937],[97486,921873],[97339,921797],[97470,921937]]],[[[97973,922378],[98051,922386],[98058,922331],[97973,922378]]],[[[97135,923118],[97329,923072],[97114,923037],[97135,923118]]],[[[97404,923218],[97616,923293],[97594,923213],[97404,923218]]],[[[98223,923698],[98419,923704],[98367,923628],[98223,923698]]],[[[98343,923843],[98377,923793],[98269,923778],[98343,923843]]],[[[98774,923914],[98789,923906],[98762,923864],[98774,923914]]],[[[98289,924077],[98296,924012],[98216,924009],[98289,924077]]],[[[98213,924164],[98252,924120],[98163,924151],[98213,924164]]],[[[98091,924304],[98048,924291],[98047,924323],[98091,924304]]],[[[97890,924556],[98083,924647],[98171,924381],[97890,924556]]],[[[98900,925245],[98928,925245],[98869,925228],[98900,925245]]],[[[98152,925576],[98173,925576],[98131,925532],[98152,925576]]],[[[97957,925864],[98060,925962],[98085,925781],[97957,925864]]],[[[97666,925966],[97690,925980],[97690,925941],[97666,925966]]],[[[98014,926074],[98080,925992],[98010,925950],[98014,926074]]],[[[97752,926037],[97791,926003],[97706,925992],[97752,926037]]],[[[98011,927820],[98194,927866],[98006,927728],[98011,927820]]],[[[98133,927930],[98191,927939],[98152,927912],[98133,927930]]],[[[98115,928053],[98199,928040],[98125,928024],[98115,928053]]],[[[98209,928208],[98323,928223],[98223,928090],[98209,928208]]],[[[98461,928322],[98487,928291],[98385,928278],[98461,928322]]],[[[98333,928386],[98414,928355],[98343,928320],[98333,928386]]],[[[99304,928833],[99344,928849],[99330,928819],[99304,928833]]],[[[99688,929417],[99735,929447],[99735,929398],[99688,929417]]],[[[99976,932172],[99969,932152],[99916,932118],[99976,932172]]],[[[99653,932497],[99718,932280],[99401,932250],[99653,932497]]],[[[99818,932400],[99804,932435],[99825,932432],[99818,932400]]],[[[99529,932512],[99559,932510],[99561,932472],[99529,932512]]],[[[99905,932562],[99927,932588],[99954,932552],[99905,932562]]],[[[99920,932708],[99926,932669],[99899,932664],[99920,932708]]],[[[100224,933173],[100306,933238],[100277,933161],[100224,933173]]],[[[115813,652646],[115914,652644],[115864,652601],[115813,652646]]],[[[115211,653849],[115275,653881],[115239,653809],[115211,653849]]],[[[115240,654048],[115305,654067],[115281,653996],[115240,654048]]],[[[115324,654076],[115373,653990],[115312,653999],[115324,654076]]],[[[111957,702545],[112162,702683],[112212,702537],[111957,702545]]],[[[112007,702910],[112245,702896],[112157,702749],[112007,702910]]],[[[111662,702885],[111875,702924],[111886,702766],[111662,702885]]],[[[103839,743282],[103929,743319],[103875,743207],[103839,743282]]],[[[92527,745805],[95391,747582],[95690,748429],[98069,748465],[98350,747674],[99266,747893],[100403,746963],[101301,748280],[102174,748281],[104001,749435],[105151,748434],[105680,749056],[106339,748573],[107991,750577],[108613,749151],[109563,748742],[109029,747000],[108554,747646],[107123,746935],[106228,747539],[104626,747193],[103951,746000],[105093,745197],[104390,744759],[103932,743355],[100513,743804],[98657,742093],[98617,738851],[96117,738800],[95611,740360],[94747,740695],[93272,739982],[93960,744008],[93311,745778],[92527,745805]],[[93650,741441],[93644,741499],[93587,741501],[93650,741441]]],[[[104754,744848],[104833,744829],[104823,744761],[104754,744848]]],[[[106707,746019],[107070,746482],[107354,746231],[107660,745907],[106967,746148],[107141,745673],[106707,746019]]],[[[106867,746889],[106966,746775],[106916,746678],[106867,746889]]],[[[108162,747065],[108225,747014],[108195,746870],[108162,747065]]],[[[109737,747419],[109769,747367],[109750,747300],[109737,747419]]],[[[110485,748165],[110498,748243],[110538,748105],[110485,748165]]],[[[101363,748341],[101509,748369],[101455,748328],[101363,748341]]],[[[106888,749705],[106959,749518],[106779,749644],[106888,749705]]],[[[108709,749697],[108806,749710],[108790,749641],[108709,749697]]],[[[107541,750240],[107577,750150],[107411,750076],[107541,750240]]],[[[111451,750643],[111530,750669],[111496,750567],[111451,750643]]],[[[111586,750947],[111654,750958],[111633,750868],[111586,750947]]],[[[115528,750945],[115613,751082],[115680,750789],[115528,750945]]],[[[109322,750947],[109349,751304],[110141,751411],[110906,751303],[109322,750947]]],[[[115578,751434],[115785,751226],[115475,751091],[115578,751434]]],[[[110013,751491],[109939,751621],[110102,751483],[110013,751491]]],[[[115461,751714],[115517,751861],[115559,751837],[115461,751714]]],[[[114590,751994],[114646,752020],[114633,751921],[114590,751994]]],[[[110527,752019],[110658,752093],[110729,751852],[110527,752019]]],[[[113136,752680],[113195,752693],[113160,752612],[113136,752680]]],[[[113055,752717],[113080,752706],[113069,752656],[113055,752717]]],[[[111312,753511],[111394,753523],[111261,753421],[111312,753511]]],[[[111515,754205],[111573,754210],[111518,754142],[111515,754205]]],[[[113029,754881],[113082,754728],[112942,754714],[113029,754881]]],[[[112915,755186],[112985,755201],[112987,755144],[112915,755186]]],[[[114692,755346],[114727,755350],[114765,755278],[114692,755346]]],[[[115546,796241],[115766,796259],[115567,795980],[115546,796241]]],[[[115431,796172],[115482,796266],[115464,796070],[115431,796172]]],[[[115823,796165],[115829,796364],[115905,796012],[115823,796165]]],[[[115911,796789],[116125,796184],[115935,796082],[115911,796789]]],[[[100843,877999],[101025,878168],[101216,877762],[100843,877999]]],[[[101151,878916],[101342,879306],[101478,878719],[101151,878916]]],[[[102030,879540],[101797,880216],[102351,879441],[102030,879540]]],[[[106364,884459],[106544,884620],[106848,884409],[106641,884119],[106364,884459]]],[[[106855,884549],[106926,884573],[106930,884347],[106855,884549]]],[[[101543,885118],[101652,885206],[101760,885005],[101543,885118]]],[[[101332,886029],[101503,885876],[101420,885701],[101332,886029]]],[[[100974,885869],[101023,886033],[101098,885859],[100974,885869]]],[[[107745,887454],[107801,887488],[107847,887389],[107745,887454]]],[[[110915,888601],[111562,888209],[111076,888152],[110915,888601]]],[[[110331,888672],[110221,888665],[110308,888767],[110331,888672]]],[[[114127,889590],[113497,889714],[113241,890472],[114166,890047],[114127,889590]]],[[[115871,890346],[115971,890459],[116024,890189],[115871,890346]]],[[[102277,903253],[104377,903117],[103997,899761],[102905,898975],[100987,900657],[100525,899268],[99085,898618],[99193,900156],[98743,900719],[100972,900931],[102277,903253]]],[[[100979,901519],[100967,901539],[101005,901513],[100979,901519]]],[[[100899,901761],[100918,901757],[100910,901697],[100899,901761]]],[[[100777,901868],[100776,901937],[100839,901849],[100777,901868]]],[[[110554,902235],[110497,902254],[110542,902286],[110554,902235]]],[[[110301,902353],[110389,902534],[110881,902257],[110301,902353]]],[[[101281,902427],[101323,902440],[101339,902387],[101281,902427]]],[[[111059,903185],[111141,903237],[111182,903173],[111059,903185]]],[[[106684,904633],[106716,904626],[106718,904585],[106684,904633]]],[[[106392,904668],[106431,904623],[106417,904591],[106392,904668]]],[[[106880,904650],[106929,904662],[106960,904627],[106880,904650]]],[[[106140,904701],[106174,904694],[106197,904634],[106140,904701]]],[[[105967,905702],[106516,905298],[106471,904674],[106093,904759],[105967,905702]]],[[[106283,905611],[106320,905599],[106312,905556],[106283,905611]]],[[[105170,905831],[105217,905790],[105226,905729],[105170,905831]]],[[[105230,905869],[105553,906093],[105799,905948],[105502,905576],[105230,905869]]],[[[106884,906073],[106935,906093],[106962,906039],[106884,906073]]],[[[106976,906100],[107028,906117],[107022,906064],[106976,906100]]],[[[107219,906134],[107263,906119],[107210,906105],[107219,906134]]],[[[104133,906815],[104105,906816],[104122,906874],[104133,906815]]],[[[105086,906913],[105114,906977],[105160,906908],[105086,906913]]],[[[101642,907748],[101687,907815],[101696,907707],[101642,907748]]],[[[101531,907794],[101593,907833],[101610,907757],[101531,907794]]],[[[101602,907855],[101661,907900],[101689,907851],[101602,907855]]],[[[101493,907862],[101454,907925],[101567,907845],[101493,907862]]],[[[104289,907949],[104309,907940],[104302,907907],[104289,907949]]],[[[104202,908069],[104286,908068],[104285,908021],[104202,908069]]],[[[100949,915551],[100988,915760],[101058,915536],[100949,915551]]],[[[100873,915737],[100876,915673],[100801,915654],[100873,915737]]],[[[101599,918506],[101652,918541],[101637,918446],[101599,918506]]],[[[112686,929114],[112735,929220],[112742,929105],[112686,929114]]],[[[112827,929462],[112840,929358],[112792,929356],[112827,929462]]],[[[112885,929532],[112927,929499],[112914,929469],[112885,929532]]],[[[113330,930921],[113414,930946],[113379,930790],[113330,930921]]],[[[113055,930811],[112987,930956],[113029,930968],[113055,930811]]],[[[113019,931005],[113079,931023],[113050,930942],[113019,931005]]],[[[112943,931731],[113213,931224],[112974,931018],[112943,931731]]],[[[113062,931687],[113094,931677],[113096,931582],[113062,931687]]],[[[112745,931985],[112788,931948],[112763,931917],[112745,931985]]],[[[113123,932128],[113120,932052],[113087,932041],[113123,932128]]],[[[112759,932198],[112932,932304],[112794,931997],[112759,932198]]],[[[113309,932186],[113363,932139],[113311,932120],[113309,932186]]],[[[114390,932301],[114454,932282],[114411,932233],[114390,932301]]],[[[114056,932645],[114171,932867],[114393,932183],[114056,932645]]],[[[102703,932972],[102737,932875],[102677,932852],[102703,932972]]],[[[102870,933109],[103029,932978],[102765,933035],[102870,933109]]],[[[102898,933144],[102993,933170],[102931,933121],[102898,933144]]],[[[102632,933146],[102706,933184],[102662,933109],[102632,933146]]],[[[112877,933299],[112995,933421],[113007,933097],[112877,933299]]],[[[114094,933357],[114182,933364],[114153,933208],[114094,933357]]],[[[110186,933279],[110615,933905],[110845,933502],[110871,932864],[110186,933279]]],[[[103331,933425],[103452,933477],[103549,933333],[103331,933425]]],[[[114292,933431],[114406,933530],[114377,933315],[114292,933431]]],[[[112006,933551],[112373,933876],[112398,933119],[112006,933551]]],[[[103387,933568],[103405,933502],[103315,933474],[103387,933568]]],[[[101348,933560],[101418,933689],[101473,933457],[101348,933560]]],[[[110290,933674],[110349,933615],[110347,933537],[110290,933674]]],[[[113701,933611],[113715,933687],[113801,933610],[113701,933611]]],[[[110889,933968],[111003,933914],[110945,933746],[110889,933968]]],[[[109580,933952],[109631,933893],[109610,933865],[109580,933952]]],[[[115687,934066],[115730,934070],[115701,934015],[115687,934066]]],[[[102434,934244],[102495,934143],[102383,934069],[102434,934244]]],[[[113705,934806],[113715,934766],[113683,934743],[113705,934806]]],[[[111778,935107],[111858,935117],[111834,935034],[111778,935107]]],[[[102796,935125],[102803,935194],[102820,935096],[102796,935125]]],[[[113057,935122],[113639,934787],[113009,934343],[112704,936009],[113057,935122]]],[[[113181,935370],[113208,935367],[113178,935309],[113181,935370]]],[[[113276,935440],[113312,935474],[113277,935381],[113276,935440]]],[[[112452,935509],[112473,935481],[112450,935471],[112452,935509]]],[[[113663,935750],[113757,935778],[113734,935711],[113663,935750]]],[[[113593,935948],[113673,935953],[113664,935818],[113593,935948]]],[[[112047,935972],[112082,936026],[112077,935953],[112047,935972]]],[[[113554,936179],[113635,935992],[113400,935926],[113554,936179]]],[[[114636,936276],[114679,936149],[114578,936126],[114636,936276]]],[[[113867,936489],[113928,936470],[113923,936337],[113867,936489]]],[[[114114,936541],[114164,936628],[114186,936506],[114114,936541]]],[[[111492,936641],[111331,936510],[111362,936709],[111492,936641]]],[[[110316,936716],[110327,936495],[110239,936738],[110316,936716]]],[[[111539,936677],[111587,936629],[111581,936589],[111539,936677]]],[[[111618,937346],[111630,936605],[111514,937160],[111162,937372],[111618,937346]]],[[[111921,937020],[111886,937075],[111900,937116],[111921,937020]]],[[[111418,937415],[111488,937434],[111450,937405],[111418,937415]]],[[[111412,937453],[111453,937442],[111363,937420],[111412,937453]]],[[[111541,937493],[111583,937481],[111527,937452],[111541,937493]]],[[[111181,937460],[111179,937559],[111236,937457],[111181,937460]]],[[[111664,937576],[111699,937537],[111626,937495],[111664,937576]]],[[[114439,937557],[114424,937639],[114460,937552],[114439,937557]]],[[[111601,937664],[111640,937669],[111627,937622],[111601,937664]]],[[[111566,937733],[111629,937740],[111601,937693],[111566,937733]]],[[[110660,937810],[110687,937821],[110696,937792],[110660,937810]]],[[[110708,937923],[110751,937864],[110715,937824],[110708,937923]]],[[[110720,937422],[110368,937215],[109545,938486],[110439,938648],[110720,937422]],[[110584,937738],[110621,937759],[110594,937799],[110584,937738]]],[[[109489,938038],[109543,938071],[109529,938030],[109489,938038]]],[[[109428,938304],[109487,938315],[109464,938281],[109428,938304]]],[[[105700,938417],[105689,938361],[105647,938357],[105700,938417]]],[[[110196,938662],[110193,938722],[110290,938767],[110196,938662]]],[[[112933,938771],[112999,938921],[113094,938749],[112933,938771]]],[[[109877,939001],[110214,938813],[109779,938673],[109877,939001]]],[[[113000,938998],[113028,938960],[112915,938947],[113000,938998]]],[[[109805,939142],[109858,939103],[109732,939045],[109805,939142]]],[[[115953,939619],[115962,939654],[115988,939573],[115953,939619]]],[[[115966,939791],[116033,939834],[116070,939573],[115966,939791]]],[[[113237,940471],[113255,940485],[113252,940451],[113237,940471]]],[[[113210,940508],[113227,940525],[113251,940497],[113210,940508]]],[[[113157,940721],[113214,940730],[113149,940619],[113157,940721]]],[[[115282,940777],[115282,940891],[115313,940772],[115282,940777]]],[[[110867,940864],[111031,940914],[111059,940788],[110867,940864]]],[[[115752,940875],[115802,940879],[115778,940823],[115752,940875]]],[[[115119,940498],[113937,940497],[113516,941439],[115025,941163],[115119,940498]]],[[[115208,941158],[115281,941077],[115278,941012],[115208,941158]]],[[[112535,941115],[112452,941100],[112505,941150],[112535,941115]]],[[[115169,941159],[115167,941093],[115123,941093],[115169,941159]]],[[[112347,941209],[112279,941182],[112320,941242],[112347,941209]]],[[[114881,941228],[114892,941277],[114917,941204],[114881,941228]]],[[[112353,941245],[112410,941293],[112412,941187],[112353,941245]]],[[[114946,941278],[114973,941226],[114937,941226],[114946,941278]]],[[[113452,941282],[113494,941248],[113434,941229],[113452,941282]]],[[[113493,941333],[113518,941289],[113435,941287],[113493,941333]]],[[[114458,941360],[114482,941338],[114482,941282],[114458,941360]]],[[[114969,941392],[115011,941413],[115000,941315],[114969,941392]]],[[[112078,941568],[112317,941636],[112530,941404],[112212,941242],[112078,941568]]],[[[114852,941658],[114918,941593],[114860,941558],[114852,941658]]],[[[112039,941687],[112110,941683],[112072,941613],[112039,941687]]],[[[113444,941722],[113466,941675],[113448,941667],[113444,941722]]],[[[113488,941734],[113572,941783],[113553,941635],[113488,941734]]],[[[114822,941791],[114842,941781],[114817,941744],[114822,941791]]],[[[114657,941574],[114331,941844],[114555,942040],[114657,941574]]],[[[114819,941854],[114836,941825],[114797,941793],[114819,941854]]],[[[113873,941864],[113928,941818],[113883,941815],[113873,941864]]],[[[114064,941871],[114113,941884],[114077,941846],[114064,941871]]],[[[112240,941967],[112346,941976],[112254,941810],[112240,941967]]],[[[114095,941943],[114109,941898],[114076,941885],[114095,941943]]],[[[113956,942023],[114018,941862],[113940,941837],[113956,942023]]],[[[114266,942047],[114345,942051],[114279,941946],[114266,942047]]],[[[114199,942153],[114234,942132],[114240,942076],[114199,942153]]],[[[114243,942217],[114422,942240],[114284,942074],[114243,942217]]],[[[111950,942457],[112037,942369],[111988,942368],[111950,942457]]],[[[111898,942460],[111911,942397],[111851,942376],[111898,942460]]],[[[111957,942645],[112089,942745],[112231,942403],[111957,942645]]],[[[114350,942791],[114432,942633],[114098,942412],[114350,942791]]],[[[114329,943035],[114404,942961],[114295,942924],[114329,943035]]],[[[111796,943546],[111999,943323],[111444,943237],[111796,943546]]],[[[111552,943524],[111581,943462],[111495,943398],[111552,943524]]],[[[114743,943618],[114738,943570],[114725,943628],[114743,943618]]],[[[114105,943985],[114235,944104],[114239,943882],[114105,943985]]],[[[116407,651275],[116430,651193],[116330,651164],[116407,651275]]],[[[116409,651280],[116518,651203],[116461,651184],[116409,651280]]],[[[116124,651502],[116176,651474],[116203,651417],[116127,651410],[116124,651502]]],[[[116524,651217],[116409,651280],[116404,651283],[116214,651173],[116153,651342],[116219,651424],[116110,651584],[116372,651804],[116524,651217]]],[[[115878,652329],[116111,652588],[116270,651933],[115878,652329]]],[[[117596,655643],[117653,655652],[117567,655600],[117596,655643]]],[[[118776,659371],[118786,659345],[118719,659302],[118776,659371]]],[[[119623,660506],[119649,660423],[119606,660408],[119623,660506]]],[[[119735,660979],[119763,660899],[119716,660866],[119735,660979]]],[[[120352,661881],[120444,661927],[120383,661863],[120352,661881]]],[[[123593,671217],[123665,671206],[123654,671156],[123593,671217]]],[[[126653,714057],[126777,713996],[126655,713959],[126653,714057]]],[[[126766,714140],[126629,714169],[126773,714188],[126766,714140]]],[[[124628,719209],[124450,718956],[124066,719354],[124628,719209]]],[[[124027,719249],[124065,719229],[124026,719202],[124027,719249]]],[[[124152,719457],[124163,719491],[124251,719379],[124152,719457]]],[[[124297,719545],[124320,719571],[124394,719489],[124297,719545]]],[[[125860,720912],[125907,720940],[125886,720852],[125860,720912]]],[[[125947,720968],[126012,720998],[126029,720881],[125947,720968]]],[[[125900,721052],[125950,721026],[125861,720950],[125900,721052]]],[[[125697,721012],[125737,721052],[125738,720962],[125697,721012]]],[[[126148,721404],[126167,721445],[126232,721386],[126148,721404]]],[[[125728,721697],[125853,721626],[125702,721484],[125728,721697]]],[[[125154,722037],[125215,722124],[125246,721996],[125154,722037]]],[[[125087,722533],[125140,722517],[125116,722468],[125087,722533]]],[[[125236,722677],[125308,722626],[125207,722579],[125236,722677]]],[[[126052,723875],[126128,723924],[126098,723863],[126052,723875]]],[[[126196,724061],[126278,724047],[126253,724002],[126196,724061]]],[[[125982,724214],[126254,724271],[126162,724154],[125982,724214]]],[[[125927,724566],[126013,724527],[125928,724458],[125927,724566]]],[[[126133,724600],[126193,724509],[126063,724474],[126133,724600]]],[[[124089,726262],[124153,726132],[124002,726115],[124089,726262]]],[[[124294,726238],[124371,726188],[124335,726140],[124294,726238]]],[[[124298,726335],[124492,726355],[124450,726182],[124298,726335]]],[[[123737,737768],[123985,738102],[123834,737567],[123737,737768]]],[[[124048,738302],[124041,738267],[124014,738263],[124048,738302]]],[[[124232,738896],[124793,739235],[124059,738315],[124232,738896]]],[[[116648,752328],[116701,752525],[116755,752299],[116648,752328]]],[[[118958,753070],[119016,752987],[118937,752892],[118958,753070]]],[[[116178,753068],[116192,753091],[116210,753035],[116178,753068]]],[[[119309,753172],[119380,753149],[119325,753110],[119309,753172]]],[[[119904,753508],[119954,753521],[119924,753433],[119904,753508]]],[[[119975,753883],[120128,753886],[119984,753707],[119975,753883]]],[[[120433,753805],[120515,753999],[120504,753843],[120433,753805]]],[[[121934,754441],[121986,754469],[121962,754419],[121934,754441]]],[[[121414,754880],[121476,754937],[121516,754781],[121414,754880]]],[[[122324,755492],[122653,755707],[122310,754926],[122324,755492]]],[[[123310,756181],[123329,756191],[123366,756147],[123310,756181]]],[[[122966,756524],[123043,756594],[123254,756283],[122966,756524]]],[[[115244,751983],[114699,753117],[113318,753254],[112593,752742],[112484,751262],[111679,751115],[110832,752513],[112910,754626],[114304,754348],[115635,756967],[116979,757508],[117309,759066],[121451,761273],[122517,763004],[123427,762850],[123520,763513],[124080,763186],[124550,763605],[124302,763952],[124959,763480],[124892,764451],[126167,763955],[126385,764490],[127399,763987],[127352,762533],[124443,757340],[123665,756279],[122107,758931],[122577,755971],[121930,755116],[121276,755219],[120800,754030],[119849,754084],[119718,753181],[118937,753836],[117679,752918],[117638,753611],[116922,752114],[116189,754086],[115244,751983]],[[124367,757289],[124412,757302],[124406,757360],[124367,757289]]],[[[125610,759340],[125642,759381],[125648,759313],[125610,759340]]],[[[118590,759860],[118614,759842],[118608,759810],[118590,759860]]],[[[120338,761233],[120402,761292],[120479,761171],[120338,761233]]],[[[121414,761494],[121417,761463],[121352,761470],[121414,761494]]],[[[121275,761823],[121281,761780],[121256,761796],[121275,761823]]],[[[121479,762088],[121515,762067],[121525,762009],[121479,762088]]],[[[121858,762211],[121903,762240],[121869,762152],[121858,762211]]],[[[121928,762541],[121969,762548],[121987,762460],[121928,762541]]],[[[121766,762517],[121745,762548],[121787,762561],[121766,762517]]],[[[122164,762831],[122191,762850],[122204,762787],[122164,762831]]],[[[123327,763196],[123342,763107],[123272,763054],[123327,763196]]],[[[122861,763101],[122920,763153],[123009,763101],[122861,763101]]],[[[123845,763497],[123935,763465],[123901,763432],[123845,763497]]],[[[123349,763506],[123393,763489],[123392,763425],[123349,763506]]],[[[124276,763777],[124324,763791],[124396,763673],[124276,763777]]],[[[123928,763784],[123929,763826],[123959,763766],[123928,763784]]],[[[124268,763830],[124284,763897],[124313,763824],[124268,763830]]],[[[124225,763965],[124253,763896],[124174,763822],[124225,763965]]],[[[124536,763958],[124542,764035],[124631,763922],[124536,763958]]],[[[124093,763990],[124095,764035],[124136,763983],[124093,763990]]],[[[124725,764020],[124777,764101],[124802,763981],[124725,764020]]],[[[126107,764286],[126075,764198],[126039,764282],[126107,764286]]],[[[121400,803600],[121503,803630],[121440,803507],[121400,803600]]],[[[126207,804604],[126229,804707],[126295,804728],[126207,804604]]],[[[124917,804666],[125044,804753],[125007,804605],[124917,804666]]],[[[124952,804874],[124990,804872],[124990,804815],[124952,804874]]],[[[128171,806239],[127933,805008],[124255,805544],[122741,804101],[120561,804474],[121482,805963],[123659,806093],[123918,806857],[128171,806239]]],[[[118898,837064],[119035,837367],[119177,836701],[118898,837064]]],[[[122875,848314],[122521,849105],[122910,848786],[122875,848314]]],[[[122064,848985],[122158,849322],[122432,848767],[122064,848985]]],[[[123522,849602],[124034,849771],[124012,849140],[123522,849602]]],[[[122546,849711],[122766,849600],[122825,849482],[122546,849711]]],[[[121400,849658],[121515,849875],[121649,849497],[121400,849658]]],[[[123733,850180],[123848,850142],[123771,850030],[123733,850180]]],[[[122988,850177],[123187,850272],[123246,850141],[122988,850177]]],[[[121607,856393],[121895,857823],[122319,856321],[121607,856393]]],[[[122199,858137],[122386,857792],[122331,857202],[122199,858137]]],[[[122393,858358],[122560,858245],[122538,858081],[122393,858358]]],[[[116248,891103],[116424,891034],[116365,890833],[116248,891103]]],[[[119236,892911],[119290,892866],[119199,892864],[119236,892911]]],[[[119084,892911],[119019,892892],[119058,892999],[119084,892911]]],[[[118941,893316],[118906,893260],[118896,893344],[118941,893316]]],[[[118959,893397],[119021,893377],[119046,893263],[118959,893397]]],[[[118939,893550],[119012,893468],[118946,893460],[118939,893550]]],[[[122418,894160],[122442,894174],[122479,894116],[122418,894160]]],[[[121517,894324],[121615,894255],[121515,894245],[121517,894324]]],[[[118965,894387],[119073,894332],[118885,894275],[118965,894387]]],[[[122050,894698],[122163,894535],[121835,894274],[122050,894698]]],[[[118895,894597],[118938,894657],[118933,894539],[118895,894597]]],[[[118802,894757],[118886,894766],[118861,894571],[118802,894757]]],[[[120876,894733],[121012,894885],[121267,894491],[120876,894733]]],[[[118435,894922],[118521,894841],[118505,894737],[118435,894922]]],[[[121744,895009],[122016,894790],[121589,894709],[121744,895009]]],[[[120168,895294],[120350,895636],[120654,895436],[120582,895130],[120168,895294]]],[[[123026,895171],[122329,895169],[122594,894468],[122001,894848],[122325,895553],[121447,896553],[121245,895338],[120610,897055],[121882,896778],[121286,897469],[124294,896308],[124779,894676],[122970,894049],[123026,895171]]],[[[119945,896022],[120117,896056],[119996,895821],[119945,896022]]],[[[120310,896104],[120418,895947],[120247,895814],[120310,896104]]],[[[120624,896210],[120631,896409],[120820,896100],[120624,896210]]],[[[119964,896301],[120049,896571],[120375,896182],[119964,896301]]],[[[118952,896633],[118969,896739],[119041,896596],[118952,896633]]],[[[116951,896858],[116951,897006],[117044,896794],[116951,896858]]],[[[118211,896909],[118211,896969],[118283,896869],[118211,896909]]],[[[119419,897039],[119455,896987],[119404,896946],[119419,897039]]],[[[119142,896955],[118769,897254],[118641,896720],[118172,897312],[118636,897659],[119142,896955]]],[[[126264,900335],[126388,900427],[126475,900130],[126264,900335]]],[[[125887,900865],[126033,900961],[125993,900771],[125887,900865]]],[[[124208,901128],[124221,901181],[124266,901119],[124208,901128]]],[[[122800,901236],[122903,901217],[122896,901153],[122800,901236]]],[[[124863,901333],[124893,901341],[124914,901307],[124863,901333]]],[[[126009,901286],[125879,901293],[125948,901385],[126009,901286]]],[[[122551,903885],[122556,903924],[122579,903870],[122551,903885]]],[[[120298,911658],[120954,911851],[121325,909580],[120898,909358],[120298,911658]]],[[[124586,915863],[124634,915906],[124632,915800],[124586,915863]]],[[[123516,917185],[123508,917213],[123549,917180],[123516,917185]]],[[[154369,946537],[151324,943224],[151505,941943],[149486,941904],[149015,941217],[148747,941705],[148174,941838],[148660,941187],[149148,941121],[149093,939262],[146853,939387],[146192,936061],[145167,935922],[145085,935498],[144789,934972],[145025,935513],[143986,935983],[144014,934770],[142992,934615],[144062,933681],[145527,934674],[148391,932226],[152072,934292],[153594,936542],[155298,936776],[156242,938108],[156524,937592],[157498,937489],[155559,934214],[155545,933986],[156194,933360],[155722,932563],[152855,931071],[152840,929978],[149939,929136],[148232,932089],[146971,932155],[146125,931642],[146005,930719],[145679,931214],[144255,930478],[143952,932161],[142112,932642],[142405,933363],[142413,933493],[141777,932712],[141808,931780],[142415,930614],[143293,930819],[142150,929581],[143145,926534],[140638,925470],[139783,926198],[139742,925062],[142291,925643],[143024,925383],[142831,924177],[141804,923946],[141047,924680],[139770,924075],[135697,925935],[136019,925357],[137155,924908],[137025,923998],[137650,924436],[138410,923595],[138181,924433],[139361,923784],[137495,921619],[132528,921295],[133210,920878],[127026,920080],[127496,919237],[128428,920000],[128580,919248],[128817,920107],[130338,920181],[130854,919122],[131098,920073],[133309,919669],[134377,920547],[136484,919870],[136590,920657],[138041,920542],[138888,919774],[139915,920856],[140418,920242],[140678,920596],[140202,921060],[138774,920986],[140995,922004],[141052,921153],[141225,920731],[140657,920694],[141773,919949],[140751,919885],[140912,919050],[142107,919796],[141972,919367],[141803,918397],[142514,918012],[141721,917150],[142503,916771],[142103,915058],[138121,915257],[142740,914028],[142269,911557],[140855,910557],[140787,909595],[137980,911721],[137239,910520],[136746,912108],[136033,910995],[134352,911912],[134837,911022],[133626,910945],[132677,911992],[132737,910783],[129517,910759],[135880,910038],[137024,908621],[136985,906043],[135803,905638],[135425,902999],[133671,903444],[132629,902037],[131048,905648],[131010,900917],[129718,901405],[129794,900812],[129342,901973],[129274,900286],[129087,901074],[128574,900899],[127398,904922],[125322,906658],[127314,901289],[126275,901313],[125774,902598],[125824,901905],[125111,902262],[124606,901573],[122088,906327],[121771,912345],[123377,914608],[124852,915451],[124888,916631],[126798,916679],[127394,915764],[129508,916330],[123136,917293],[124522,916758],[124400,915654],[123164,914456],[121100,912454],[118867,911502],[119000,910291],[120094,909942],[120853,906706],[120638,905749],[119377,905816],[121692,905676],[123328,901559],[120946,901560],[123409,899620],[123545,897643],[121646,897588],[118895,898395],[117296,899999],[115410,899973],[116325,897990],[114817,898231],[115230,896540],[117000,896448],[117900,893606],[118764,893453],[118903,891773],[118031,891298],[117826,892197],[117443,891266],[117251,892667],[116815,891747],[115329,892870],[115482,889530],[114647,890815],[114295,890158],[113630,890576],[112548,893077],[112337,892266],[111475,893059],[113056,890830],[112207,889557],[111892,890798],[111561,890108],[111288,890755],[111598,889123],[110895,889315],[110679,889091],[111437,888583],[109970,889468],[110395,886465],[107519,887627],[108766,885491],[106945,884890],[106875,885436],[106175,884617],[105851,882864],[103859,883557],[104510,881724],[103972,881925],[103541,883362],[101187,886346],[101965,886648],[100995,887346],[101023,886502],[99649,887717],[98147,891064],[96076,892291],[95449,894659],[96625,894540],[97158,894969],[98445,893895],[98632,891280],[98769,892705],[103538,894986],[104049,897497],[104549,896872],[106121,897237],[106545,898309],[106477,896887],[107259,897654],[108315,896822],[109223,897148],[106141,899389],[106940,901327],[108800,901879],[111286,900538],[113101,900942],[114925,900325],[112382,902233],[111980,903252],[113603,903473],[113070,904219],[112544,903665],[109269,904691],[110110,906259],[108835,905169],[107619,906419],[106080,906456],[104435,908315],[103937,908166],[104600,907047],[102972,906939],[101867,907879],[101072,908137],[101012,909125],[99716,908839],[99343,911977],[98518,911099],[97860,911525],[99252,912497],[99365,913778],[100022,914790],[101475,913369],[103259,915771],[110611,917247],[106197,917394],[102691,916066],[101413,916968],[101431,917563],[103930,918242],[101677,918557],[104088,920129],[103577,921340],[101166,919866],[101328,919107],[100746,919673],[100028,919691],[100696,920052],[99801,920328],[99376,920360],[98986,925357],[97758,926399],[98104,926600],[98235,928043],[99512,928621],[99126,929395],[99593,929198],[100000,929441],[100815,930763],[100339,932020],[99827,932381],[100006,932520],[100388,933330],[101336,933554],[102853,932414],[103293,932881],[103557,931334],[104030,932734],[104751,932998],[105359,932431],[105795,932590],[104494,933661],[104525,934592],[103784,933239],[103625,933791],[102498,934168],[103448,935598],[103717,938118],[105318,939395],[105063,938079],[106952,938034],[107954,936433],[109104,938096],[109914,936223],[111844,935435],[111600,934365],[109685,934607],[109566,933994],[108724,934876],[108572,934589],[110161,932548],[112525,932477],[112452,928363],[113926,923866],[113817,926145],[113052,929758],[112721,929722],[113061,930807],[113063,930843],[113502,930521],[113821,930774],[113285,931734],[113492,932662],[114477,931676],[114493,932294],[114393,933104],[116482,934153],[116881,933611],[119125,932827],[119067,932231],[119053,932092],[119126,932219],[119260,932656],[120411,931889],[120983,932438],[121699,929502],[121857,930512],[122820,929762],[122346,931320],[123443,931366],[121891,933020],[121690,932272],[121588,932939],[121198,932475],[121074,932901],[120388,933245],[120697,934361],[121636,933590],[121850,933794],[121730,934749],[120711,935144],[119985,937448],[119474,937088],[118412,938574],[119125,938861],[117933,939571],[117650,941604],[118435,941462],[120373,942531],[117972,942265],[117090,942908],[119137,944248],[118671,945140],[119617,945024],[120438,945634],[121446,945089],[123494,947471],[123730,947345],[124154,947363],[124864,948352],[125652,947650],[125726,948369],[127529,949734],[128019,950105],[128340,949713],[128108,948849],[128383,948432],[128216,949010],[129927,949089],[131939,950374],[132113,950803],[134182,950841],[136052,954291],[137354,954332],[141194,958131],[146110,960541],[147492,962634],[148039,962474],[148958,962339],[149434,962721],[151233,964654],[151190,965674],[150552,965789],[151239,966262],[151404,966292],[151440,966501],[152536,966209],[152375,965916],[152904,965332],[154059,964755],[153770,963431],[154154,962937],[154336,962770],[154866,962678],[154714,962390],[154853,961906],[155403,961754],[155548,961896],[155488,961726],[155769,961107],[156175,961042],[155245,958591],[156836,956614],[156683,955209],[155373,954328],[153410,949934],[156524,946878],[155724,946788],[154369,946537]],[[123191,914520],[123145,914557],[123164,914456],[123191,914520]],[[127516,949721],[127537,949717],[127529,949734],[127516,949721]],[[98898,911600],[98929,911647],[98867,911638],[98898,911600]],[[98937,911733],[98959,911817],[98923,911772],[98937,911733]],[[99009,911756],[98982,911808],[98976,911757],[99009,911756]],[[99383,912878],[99397,912916],[99366,912903],[99383,912878]],[[99386,920978],[99420,921014],[99382,921015],[99386,920978]],[[99382,921223],[99372,921327],[99337,921277],[99382,921223]],[[99326,921516],[99367,921542],[99348,921582],[99326,921516]],[[98996,928263],[99032,928300],[98989,928285],[98996,928263]],[[99052,928346],[99139,928373],[99097,928412],[99052,928346]],[[110115,888100],[110111,888154],[110029,888184],[110115,888100]],[[103762,907092],[103723,907137],[103723,907096],[103762,907092]],[[113842,932163],[113832,932265],[113807,932206],[113842,932163]],[[101735,932965],[101705,933015],[101656,932992],[101735,932965]],[[101742,933023],[101745,933060],[101700,933036],[101742,933023]],[[101669,933073],[101683,933047],[101703,933086],[101669,933073]],[[100936,933353],[100970,933383],[100932,933383],[100936,933353]],[[104788,933826],[104765,933864],[104738,933838],[104788,933826]],[[107409,937147],[107424,937179],[107382,937226],[107409,937147]],[[120615,906079],[120681,906089],[120690,906179],[120615,906079]],[[116005,933668],[115940,933721],[115882,933696],[116005,933668]],[[115809,933717],[115875,933730],[115820,933788],[115809,933717]],[[118623,938365],[118664,938402],[118644,938427],[118623,938365]],[[117758,941035],[117810,941039],[117740,941058],[117758,941035]],[[118421,943683],[118409,943734],[118391,943715],[118421,943683]],[[118446,943701],[118481,943712],[118480,943741],[118446,943701]],[[122467,945917],[122466,945935],[122436,945918],[122467,945917]],[[122946,946542],[122944,946569],[122921,946570],[122946,946542]],[[122956,946580],[122944,946607],[122923,946588],[122956,946580]],[[123298,946977],[123312,946987],[123266,946992],[123298,946977]],[[123284,947022],[123253,947072],[123251,947036],[123284,947022]],[[123336,947105],[123406,947130],[123360,947157],[123336,947105]],[[125895,948418],[125913,948420],[125877,948464],[125895,948418]],[[125960,948488],[125991,948461],[125978,948502],[125960,948488]],[[126339,948576],[126359,948582],[126340,948594],[126339,948576]],[[126405,948583],[126398,948599],[126371,948591],[126405,948583]],[[126697,948681],[126676,948702],[126680,948683],[126697,948681]],[[126424,948710],[126475,948722],[126440,948728],[126424,948710]],[[126521,948717],[126549,948744],[126527,948756],[126521,948717]],[[126473,948726],[126458,948754],[126389,948737],[126473,948726]],[[127543,949551],[127551,949564],[127542,949571],[127543,949551]],[[127512,949556],[127524,949585],[127504,949583],[127512,949556]],[[127623,949707],[127583,949744],[127554,949713],[127623,949707]],[[140686,920891],[140712,920895],[140684,920929],[140686,920891]],[[138952,923806],[139026,923849],[138971,923849],[138952,923806]],[[139822,956516],[139844,956562],[139746,956535],[139822,956516]],[[140371,957091],[140393,957119],[140362,957110],[140371,957091]],[[140539,957315],[140579,957324],[140567,957337],[140539,957315]],[[140539,957335],[140576,957368],[140545,957372],[140539,957335]],[[152510,929942],[152537,929951],[152497,929983],[152510,929942]],[[146673,961244],[146641,961300],[146630,961260],[146673,961244]],[[151094,966088],[151062,966130],[151009,966089],[151094,966088]],[[151492,966440],[151500,966471],[151482,966470],[151492,966440]],[[155932,933104],[155928,933144],[155878,933124],[155932,933104]],[[156536,936298],[156544,936269],[156550,936288],[156536,936298]],[[156690,955700],[156706,955768],[156679,955732],[156690,955700]],[[153964,964385],[153965,964418],[153951,964398],[153964,964385]],[[153779,964748],[153846,964759],[153820,964770],[153779,964748]],[[153291,965077],[153395,965085],[153324,965120],[153291,965077]]],[[[122138,930437],[122194,930369],[122151,930313],[122138,930437]]],[[[122040,931166],[122166,931039],[122087,930717],[122040,931166]]],[[[121998,932233],[121913,931849],[121498,931722],[121616,932144],[121998,932233]]],[[[121324,932182],[121319,931959],[121226,932092],[121324,932182]]],[[[119067,932231],[119091,932315],[119111,932222],[119067,932231]]],[[[119412,932708],[119542,932677],[119489,932604],[119412,932708]]],[[[120758,932903],[120789,932807],[120779,932707],[120758,932903]]],[[[120606,932902],[120663,933067],[120656,932765],[120606,932902]]],[[[119430,933471],[119685,934106],[120118,933626],[120080,932660],[119430,933471]]],[[[117031,933793],[117010,933872],[117054,933875],[117031,933793]]],[[[121511,934000],[121605,933824],[121502,933715],[121511,934000]]],[[[118053,934061],[118081,934000],[118049,933992],[118053,934061]]],[[[117817,934191],[117847,934204],[117839,934111],[117817,934191]]],[[[119752,935342],[120126,934770],[119623,934880],[119752,935342]]],[[[119323,935494],[119345,935470],[119311,935448],[119323,935494]]],[[[119749,935547],[119788,935506],[119763,935457],[119749,935547]]],[[[118432,935713],[118478,935786],[118477,935696],[118432,935713]]],[[[119947,935886],[120015,935951],[120000,935742],[119947,935886]]],[[[118707,936096],[118771,936483],[119042,936015],[118707,936096]]],[[[118656,936633],[118660,936601],[118589,936600],[118656,936633]]],[[[117832,937058],[117831,937035],[117801,937033],[117832,937058]]],[[[113821,937166],[113344,940584],[115700,940031],[116190,937246],[116420,938026],[117235,936779],[117154,937309],[117206,937836],[118357,935676],[118467,935690],[119113,935841],[119070,933566],[117902,934350],[114212,934632],[113827,936080],[114762,935476],[115152,936626],[114780,936362],[114229,938549],[114657,936390],[113821,937166]],[[114088,937527],[114038,937601],[114047,937547],[114088,937527]],[[113876,937630],[113827,937812],[113797,937753],[113876,937630]],[[114010,937757],[114041,937773],[113985,937836],[114010,937757]],[[116584,937605],[116630,937608],[116578,937651],[116584,937605]],[[114468,938006],[114501,937999],[114470,938050],[114468,938006]],[[114401,938082],[114422,938087],[114397,938133],[114401,938082]],[[114482,938105],[114501,938110],[114462,938161],[114482,938105]]],[[[119624,937065],[119629,937092],[119649,937060],[119624,937065]]],[[[116892,937720],[117013,937588],[116990,937394],[116892,937720]]],[[[117605,937679],[117642,937665],[117613,937502],[117605,937679]]],[[[116879,937851],[116886,937828],[116858,937808],[116879,937851]]],[[[116120,937944],[116138,937893],[116082,937888],[116120,937944]]],[[[117181,937933],[117228,938027],[117284,937899],[117181,937933]]],[[[117357,938123],[117420,937932],[117328,937998],[117357,938123]]],[[[118809,938936],[118837,938903],[118832,938863],[118784,938845],[118809,938936]]],[[[117701,940855],[117699,940904],[117722,940850],[117701,940855]]],[[[117688,940920],[117706,940952],[117709,940915],[117688,940920]]],[[[117572,941809],[117718,941657],[117541,941575],[117572,941809]]],[[[118259,941709],[118310,941745],[118291,941695],[118259,941709]]],[[[118104,941922],[118124,941916],[118126,941903],[118104,941922]]],[[[118130,941961],[118155,941951],[118155,941941],[118130,941961]]],[[[118132,941968],[118147,941977],[118155,941962],[118132,941968]]],[[[117174,943084],[117198,943068],[117160,943068],[117174,943084]]],[[[116684,943112],[116960,943304],[116922,943050],[116684,943112]]],[[[116855,943387],[116924,943336],[116838,943327],[116855,943387]]],[[[117640,943349],[117624,943377],[117657,943387],[117640,943349]]],[[[116798,943552],[116831,943489],[116795,943505],[116798,943552]]],[[[118057,943655],[118083,943640],[118048,943578],[118057,943655]]],[[[117291,943950],[117305,943996],[117323,943947],[117291,943950]]],[[[118610,944077],[118640,944080],[118657,944056],[118610,944077]]],[[[118570,944400],[118606,944409],[118552,944318],[118570,944400]]],[[[119594,945267],[119629,945284],[119620,945238],[119594,945267]]],[[[119257,945290],[119281,945288],[119279,945267],[119257,945290]]],[[[119732,945432],[119772,945429],[119764,945411],[119732,945432]]],[[[119112,945418],[119128,945432],[119152,945412],[119112,945418]]],[[[119787,945508],[119830,945511],[119782,945485],[119787,945508]]],[[[119931,945499],[119953,945507],[119980,945490],[119931,945499]]],[[[121703,945785],[121710,945767],[121657,945760],[121703,945785]]],[[[121754,945972],[121779,946001],[121767,945939],[121754,945972]]],[[[123721,947416],[123752,947392],[123734,947386],[123721,947416]]],[[[123856,947404],[123834,947409],[123840,947431],[123875,947426],[123856,947404]]],[[[123649,947474],[123669,947485],[123676,947463],[123649,947474]]],[[[123546,947493],[123626,947501],[123628,947473],[123546,947493]]],[[[124156,947571],[124181,947549],[124178,947520],[124156,947571]]],[[[124244,947874],[124279,947872],[124234,947833],[124244,947874]]],[[[124436,948052],[124463,948054],[124448,948039],[124436,948052]]],[[[124503,948180],[124559,948142],[124472,948133],[124503,948180]]],[[[125296,948235],[125321,948233],[125326,948208],[125296,948235]]],[[[125601,948269],[125643,948247],[125594,948230],[125601,948269]]],[[[125295,948278],[125312,948246],[125291,948245],[125295,948278]]],[[[125140,948343],[125158,948375],[125158,948343],[125140,948343]]],[[[125182,948376],[125203,948360],[125183,948352],[125182,948376]]],[[[125129,948538],[125160,948477],[125131,948510],[125129,948538]]],[[[126677,949159],[126696,949204],[126692,949152],[126677,949159]]],[[[126752,949178],[126747,949195],[126764,949176],[126752,949178]]],[[[126747,949173],[126731,949174],[126731,949198],[126747,949173]]],[[[126688,949258],[126702,949220],[126690,949209],[126688,949258]]],[[[127148,643225],[127211,643244],[127172,643193],[127148,643225]]],[[[127153,643523],[127191,643517],[127139,643479],[127153,643523]]],[[[127110,643600],[127152,643564],[127086,643515],[127110,643600]]],[[[127104,644130],[127246,644097],[127043,644078],[127104,644130]]],[[[136332,644294],[136332,644233],[136279,644232],[136332,644294]]],[[[136053,644609],[136089,644568],[135979,644542],[136053,644609]]],[[[129481,648071],[129516,648087],[129507,648025],[129481,648071]]],[[[129559,648115],[129608,648125],[129521,648024],[129559,648115]]],[[[136129,645695],[134613,645511],[134942,644347],[133344,641809],[131115,639984],[126706,641601],[127548,643582],[127279,644784],[129316,647864],[131245,647840],[132203,648681],[131706,651451],[129354,655752],[127443,655511],[128239,658346],[133408,661267],[133032,662772],[127543,663098],[125734,658801],[122762,654680],[117899,651082],[116585,651818],[115703,653673],[117894,655781],[117062,656471],[117765,658293],[120167,659955],[119589,660348],[119663,660422],[119623,660515],[119772,660900],[119762,661075],[120453,661910],[120652,662256],[120686,663343],[118855,664608],[120879,666320],[121067,668091],[120484,668408],[121307,671117],[123026,671922],[123780,670884],[125259,671493],[129526,674967],[127971,668691],[128609,667292],[129591,667178],[129088,668602],[130742,672127],[130105,672906],[132418,673123],[137931,678389],[139371,678176],[142361,679370],[142671,677513],[141729,674009],[143249,669029],[142975,665360],[144028,661921],[146231,659674],[145718,657285],[147111,655160],[146319,652984],[146454,651603],[147175,652050],[146721,650719],[147407,650738],[145448,649447],[144870,648132],[143915,648615],[143726,646283],[143007,647070],[138886,644701],[137903,645346],[136565,644593],[136129,645695]],[[116283,652942],[116364,652967],[116280,653006],[116283,652942]],[[116423,654274],[116406,654210],[116512,654322],[116423,654274]],[[145034,648876],[145121,648965],[145117,648999],[145034,648876]]],[[[132635,662648],[132909,662681],[132882,662500],[132635,662648]]],[[[127556,673544],[127502,673483],[127526,673551],[127556,673544]]],[[[127798,673870],[127831,673847],[127758,673835],[127798,673870]]],[[[127935,674785],[127983,674621],[127652,674578],[127935,674785]]],[[[128506,675656],[129495,676279],[128929,675494],[128506,675656]]],[[[133263,686532],[133460,686619],[133407,686502],[133263,686532]]],[[[133618,686825],[133790,686626],[133521,686563],[133618,686825]]],[[[133643,686824],[133851,686855],[133906,686648],[133643,686824]]],[[[134676,686582],[133956,686973],[134265,687190],[134676,686582]]],[[[134595,687224],[134622,687295],[134639,687223],[134595,687224]]],[[[134670,686858],[135030,688231],[134100,689174],[136782,689792],[137760,689633],[137997,688765],[136420,688756],[135950,687478],[134670,686858]]],[[[133897,688394],[134123,688473],[134328,688353],[133897,688394]]],[[[134435,688683],[134394,688767],[134493,688678],[134435,688683]]],[[[133370,688673],[133637,688901],[134494,688565],[133370,688673]]],[[[136399,689857],[136373,689825],[136246,689821],[136399,689857]]],[[[135220,689925],[135284,689952],[135456,689802],[135220,689925]]],[[[135416,690126],[135701,689885],[135442,689865],[135416,690126]]],[[[135655,689934],[135599,690087],[135771,689908],[135655,689934]]],[[[136000,690129],[136109,690162],[136108,690063],[136000,690129]]],[[[135195,690466],[135275,690478],[135323,690421],[135195,690466]]],[[[135283,690495],[135212,690526],[135247,690568],[135283,690495]]],[[[133587,690613],[133636,690581],[133520,690558],[133587,690613]]],[[[135063,690621],[135119,690722],[135239,690577],[135063,690621]]],[[[135299,693712],[135314,693675],[135212,693629],[135299,693712]]],[[[134912,693960],[134931,693887],[134821,693863],[134912,693960]]],[[[128396,712247],[128431,712244],[128442,712185],[128396,712247]]],[[[127721,712712],[127742,712758],[127773,712686],[127721,712712]]],[[[127848,712908],[127899,712909],[127837,712804],[127848,712908]]],[[[126714,713923],[126826,713926],[126716,713807],[126714,713923]]],[[[127605,714026],[127688,714033],[127638,713860],[127605,714026]]],[[[130667,714878],[130746,714847],[130695,714810],[130667,714878]]],[[[129351,715584],[129389,715625],[129453,715556],[129351,715584]]],[[[135896,716057],[135857,716036],[135824,716062],[135896,716057]]],[[[135922,716074],[135960,716045],[135916,716051],[135922,716074]]],[[[135642,716093],[135697,716123],[135709,716084],[135642,716093]]],[[[133538,716433],[133647,716451],[133601,716295],[133538,716433]]],[[[133553,716581],[133628,716605],[133647,716540],[133553,716581]]],[[[133275,716678],[133393,716644],[133401,716568],[133275,716678]]],[[[136317,716638],[136376,716727],[136357,716622],[136317,716638]]],[[[134217,717014],[134406,716815],[134078,716683],[134217,717014]]],[[[135459,716931],[135543,716981],[135542,716920],[135459,716931]]],[[[135674,717036],[135716,717013],[135606,716935],[135674,717036]]],[[[133978,716999],[133999,717057],[134013,716986],[133978,716999]]],[[[132077,717267],[132136,717255],[132143,717215],[132077,717267]]],[[[130713,717284],[130735,717235],[130668,717202],[130713,717284]]],[[[130974,717327],[131140,717376],[131273,717197],[130974,717327]]],[[[130151,717321],[130191,717403],[130191,717304],[130151,717321]]],[[[130420,717581],[130785,717729],[131139,717543],[130844,717306],[130420,717581]]],[[[131978,717834],[131996,717867],[132023,717747],[131978,717834]]],[[[129295,717906],[129351,717910],[129300,717830],[129295,717906]]],[[[130633,718603],[130734,718401],[130394,718257],[130633,718603]]],[[[130241,718432],[130194,718481],[130274,718570],[130241,718432]]],[[[129544,718842],[129629,718841],[129598,718768],[129544,718842]]],[[[130561,718815],[130587,718874],[130609,718786],[130561,718815]]],[[[129665,718822],[129726,718877],[129819,718797],[129665,718822]]],[[[130340,719079],[130330,718978],[130267,718958],[130340,719079]]],[[[130621,719183],[130756,719138],[130653,719086],[130621,719183]]],[[[128236,719439],[128428,719202],[128347,718999],[128236,719439]]],[[[130560,719455],[130590,719411],[130559,719406],[130560,719455]]],[[[130777,719540],[130815,719611],[130851,719534],[130777,719540]]],[[[128527,719699],[128870,719814],[128565,719412],[128527,719699]]],[[[128709,719258],[129193,719770],[129577,720643],[130710,720342],[130125,718782],[129590,719614],[128709,719258]]],[[[128266,719798],[128248,719691],[128207,719771],[128266,719798]]],[[[129023,719967],[129155,719810],[128968,719839],[129023,719967]]],[[[128504,719985],[128547,719981],[128492,719903],[128504,719985]]],[[[128414,719991],[128449,720058],[128449,719989],[128414,719991]]],[[[128851,720027],[128963,720081],[128937,720012],[128851,720027]]],[[[128346,720165],[128392,720129],[128338,720033],[128346,720165]]],[[[128827,720441],[129004,720353],[128762,720317],[128827,720441]]],[[[128903,720475],[128933,720631],[129072,720433],[128903,720475]]],[[[128705,720626],[128912,720629],[128732,720570],[128705,720626]]],[[[129737,721058],[129872,721164],[129878,721055],[129737,721058]]],[[[129761,721331],[129826,721324],[129740,721284],[129761,721331]]],[[[129678,721334],[129711,721368],[129716,721314],[129678,721334]]],[[[129877,721395],[129884,721442],[129923,721378],[129877,721395]]],[[[129928,723738],[129980,723762],[129946,723692],[129928,723738]]],[[[127569,722295],[126605,721489],[125302,722519],[126730,723539],[126518,725057],[129090,726269],[129092,724589],[127569,722295]],[[125645,722635],[125579,722671],[125561,722640],[125645,722635]]],[[[129988,724007],[130063,724146],[130015,723927],[129988,724007]]],[[[134996,724287],[135059,724326],[135058,724276],[134996,724287]]],[[[129762,724696],[129839,724644],[129805,724545],[129762,724696]]],[[[130334,724905],[129882,724233],[130159,725058],[130334,724905]]],[[[136064,724987],[136127,724957],[136092,724902],[136064,724987]]],[[[135901,725058],[135848,725070],[135865,725176],[135901,725058]]],[[[130425,725236],[130340,725205],[130317,725280],[130425,725236]]],[[[130641,725282],[130663,725259],[130628,725237],[130641,725282]]],[[[130374,725426],[130472,725463],[130462,725335],[130374,725426]]],[[[130899,725419],[130904,725451],[130956,725409],[130899,725419]]],[[[130736,725490],[130800,725544],[130772,725473],[130736,725490]]],[[[131110,725764],[131154,725753],[131144,725710],[131110,725764]]],[[[132085,725783],[132145,725795],[132144,725743],[132085,725783]]],[[[128105,726307],[128134,726210],[127928,726112],[128105,726307]]],[[[129772,726546],[129823,726445],[129627,726398],[129772,726546]]],[[[132326,735052],[132456,735314],[132144,735511],[132674,736035],[132685,735337],[132326,735052]]],[[[134964,739382],[134988,739331],[134946,739213],[134964,739382]]],[[[134834,739553],[134898,739448],[134670,739319],[134834,739553]]],[[[135089,740069],[135134,740111],[135174,740005],[135089,740069]]],[[[135162,740248],[135163,740160],[135114,740184],[135162,740248]]],[[[127157,740817],[127079,740827],[127155,740861],[127157,740817]]],[[[128034,742603],[128216,742090],[127230,740845],[128034,742603]]],[[[134781,742159],[135107,742232],[135255,741773],[134781,742159]]],[[[128864,742774],[128905,742821],[128884,742729],[128864,742774]]],[[[127753,742842],[128110,743085],[127721,742687],[127753,742842]]],[[[128688,743217],[128698,743161],[128660,743158],[128688,743217]]],[[[128719,743265],[128779,743277],[128787,743161],[128719,743265]]],[[[128456,743455],[128600,743489],[128448,743121],[128456,743455]]],[[[129499,743480],[129537,743946],[129981,744188],[129989,743624],[129499,743480]]],[[[128933,743920],[129024,743858],[128951,743846],[128933,743920]]],[[[130471,744939],[130662,744900],[130493,744760],[130471,744939]]],[[[130774,744913],[130922,745021],[130918,744860],[130774,744913]]],[[[133876,746204],[133937,746185],[133907,746118],[133876,746204]]],[[[136231,750337],[136259,750357],[136260,750297],[136231,750337]]],[[[127524,763030],[127528,763054],[127545,763023],[127524,763030]]],[[[127797,764173],[127743,764177],[127790,764225],[127797,764173]]],[[[127208,764809],[127166,764687],[127099,764841],[127208,764809]]],[[[126843,764854],[126880,764841],[126875,764788],[126843,764854]]],[[[127443,764873],[127489,764905],[127457,764844],[127443,764873]]],[[[127580,764978],[127606,764867],[127522,764827],[127580,764978]]],[[[127281,765009],[127371,765011],[127325,764879],[127281,765009]]],[[[126818,764928],[126830,764976],[126851,764924],[126818,764928]]],[[[127711,764790],[127915,765197],[128170,765076],[128049,764705],[127711,764790]]],[[[127422,765032],[127462,765030],[127468,764979],[127422,765032]]],[[[127676,765118],[127731,765106],[127735,765052],[127676,765118]]],[[[127273,765412],[127347,765425],[127378,765318],[127273,765412]]],[[[127490,765419],[127595,765344],[127484,765340],[127490,765419]]],[[[127640,765391],[127651,765505],[127729,765389],[127640,765391]]],[[[127480,765471],[127614,765515],[127608,765387],[127480,765471]]],[[[127570,765602],[127641,765742],[127779,765510],[127570,765602]]],[[[128083,765748],[128125,765809],[128147,765662],[128083,765748]]],[[[127997,765816],[128053,765809],[128058,765738],[127997,765816]]],[[[140219,799710],[142751,798398],[141808,794702],[138780,791395],[136765,791043],[135911,792564],[134378,793077],[134181,795409],[129316,799545],[132533,801785],[133347,803224],[135096,804302],[136212,803740],[137582,804927],[141644,802034],[142297,800136],[140219,799710]]],[[[127932,804168],[128001,804150],[127978,804087],[127932,804168]]],[[[129260,803668],[127821,804295],[126481,803831],[126376,804724],[127099,804568],[127427,805040],[129260,803668]]],[[[126997,805083],[127093,805037],[127010,804951],[126997,805083]]],[[[126738,805077],[126791,805099],[126836,805068],[126738,805077]]],[[[134405,822805],[134481,822880],[134499,822745],[134405,822805]]],[[[131093,835965],[131884,836087],[131129,835557],[131093,835965]]],[[[128482,835767],[128602,836432],[129840,837222],[130251,836789],[129721,835587],[128482,835767]]],[[[129797,839409],[130194,838735],[129819,838407],[129797,839409]]],[[[127953,839768],[128162,838972],[127672,838803],[127953,839768]]],[[[135670,857169],[135877,857271],[135739,856892],[135670,857169]]],[[[130373,863756],[130519,863317],[129861,863102],[130373,863756]]],[[[130031,863656],[130047,863580],[130001,863574],[130031,863656]]],[[[130275,863988],[130325,863871],[130276,863844],[130275,863988]]],[[[130336,864019],[130188,864180],[130283,864249],[130336,864019]]],[[[130307,864602],[130328,864501],[130281,864532],[130307,864602]]],[[[129688,864984],[130131,864167],[129814,864357],[129688,864984]]],[[[130384,864890],[130462,864680],[130303,864656],[130384,864890]]],[[[129141,865200],[129221,865470],[129549,865083],[129141,865200]]],[[[128847,865747],[128931,865573],[128638,865382],[128847,865747]]],[[[135872,874838],[135909,874752],[135807,874678],[135872,874838]]],[[[135711,881412],[135913,881648],[136572,880696],[135711,881412]]],[[[129808,900701],[129857,900661],[129829,900605],[129808,900701]]],[[[130310,900750],[130348,900758],[130338,900682],[130310,900750]]],[[[128609,900827],[128648,900844],[128624,900770],[128609,900827]]],[[[130320,900860],[130356,900840],[130321,900813],[130320,900860]]],[[[130328,900920],[130349,900899],[130332,900886],[130328,900920]]],[[[126951,901003],[127011,901100],[126988,900992],[126951,901003]]],[[[127261,901091],[127296,901119],[127294,901078],[127261,901091]]],[[[128003,902046],[127759,902123],[127736,902330],[128003,902046]]],[[[132037,902799],[132071,902747],[132038,902745],[132037,902799]]],[[[127368,919610],[127424,919571],[127377,919519],[127368,919610]]],[[[128490,919739],[128517,919782],[128512,919706],[128490,919739]]],[[[127629,919835],[127730,919789],[127514,919660],[127629,919835]]],[[[132880,919968],[132921,919979],[132908,919905],[132880,919968]]],[[[127503,920000],[127505,919948],[127352,919920],[127503,920000]]],[[[129358,920220],[129422,920208],[129404,920181],[129358,920220]]],[[[133365,920966],[133655,921020],[133902,920793],[133468,920729],[133365,920966]]],[[[133686,921159],[133793,921140],[133786,921066],[133686,921159]]],[[[136039,921257],[136080,921216],[135889,921158],[136039,921257]]],[[[128966,949308],[128983,949291],[128909,949288],[128966,949308]]],[[[126819,949391],[126837,949413],[126864,949372],[126819,949391]]],[[[126955,949661],[126969,949704],[126981,949656],[126955,949661]]],[[[130253,949666],[130285,949708],[130293,949657],[130253,949666]]],[[[126995,949667],[126985,949717],[127008,949717],[126995,949667]]],[[[127058,949730],[127074,949687],[127021,949673],[127058,949730]]],[[[127323,949712],[127333,949697],[127318,949695],[127323,949712]]],[[[127141,949758],[127186,949691],[127093,949687],[127141,949758]]],[[[130565,949755],[130607,949739],[130570,949735],[130565,949755]]],[[[131003,949973],[131040,949958],[131000,949948],[131003,949973]]],[[[131121,950079],[131118,950098],[131152,950073],[131121,950079]]],[[[131205,950229],[131225,950191],[131171,950185],[131205,950229]]],[[[131254,950261],[131293,950290],[131269,950216],[131254,950261]]],[[[131697,950379],[131714,950393],[131750,950360],[131697,950379]]],[[[131518,950400],[131532,950372],[131521,950364],[131518,950400]]],[[[131553,950423],[131565,950388],[131554,950387],[131553,950423]]],[[[131641,950456],[131652,950476],[131684,950442],[131641,950456]]],[[[131644,950591],[131669,950526],[131582,950520],[131644,950591]]],[[[131954,950667],[131989,950654],[131977,950600],[131954,950667]]],[[[138642,642124],[138729,642209],[138716,642121],[138642,642124]]],[[[139196,643257],[139251,643260],[139216,643201],[139196,643257]]],[[[139929,643868],[139255,643317],[138565,643478],[139596,644161],[139929,643868]]],[[[136434,644339],[136479,644313],[136434,644275],[136434,644339]]],[[[136533,644354],[136673,644444],[136752,644350],[136533,644354]]],[[[138573,644872],[138537,644828],[138439,644791],[138573,644872]]],[[[143133,645493],[143091,645455],[143083,645486],[143133,645493]]],[[[142215,645569],[142261,645507],[142186,645476],[142215,645569]]],[[[143141,645567],[143178,645551],[143147,645543],[143141,645567]]],[[[143271,645801],[143289,645732],[143211,645642],[143271,645801]]],[[[143189,645930],[143219,645919],[143196,645892],[143189,645930]]],[[[143256,646037],[143270,646077],[143313,646023],[143256,646037]]],[[[142886,646465],[143161,646063],[142650,645863],[142886,646465]]],[[[142746,646453],[142817,646357],[142606,646354],[142746,646453]]],[[[142712,646496],[142774,646562],[142743,646494],[142712,646496]]],[[[144745,664947],[144733,665138],[144879,664939],[144745,664947]]],[[[136485,686518],[136463,686574],[136568,686605],[136485,686518]]],[[[136864,687337],[137123,687469],[136820,687023],[136864,687337]]],[[[136355,689742],[136425,689778],[136409,689727],[136355,689742]]],[[[135961,696228],[138630,698547],[139901,697767],[140219,699538],[142424,701148],[143210,699756],[140769,695081],[138857,693383],[139683,692261],[138876,690615],[137390,689722],[137154,691184],[135962,690263],[135181,690774],[135655,691748],[134430,690883],[133591,691185],[135628,692852],[134799,693113],[135823,693745],[135048,694065],[136153,694753],[135415,695109],[135961,696228]],[[141273,696064],[141254,696135],[141206,696109],[141273,696064]]],[[[140069,699265],[140100,699271],[140104,699229],[140069,699265]]],[[[138343,718047],[138383,718026],[138331,717996],[138343,718047]]],[[[142675,718125],[142708,718117],[142659,718085],[142675,718125]]],[[[138557,718134],[138560,718105],[138529,718099],[138557,718134]]],[[[138388,718178],[138413,718137],[138354,718109],[138388,718178]]],[[[137825,718172],[137850,718172],[137823,718124],[137825,718172]]],[[[141226,718255],[141254,718164],[141112,718158],[141226,718255]]],[[[138144,718237],[138164,718224],[138145,718188],[138144,718237]]],[[[141328,718250],[141356,718258],[141342,718223],[141328,718250]]],[[[138891,718269],[138937,718300],[138899,718213],[138891,718269]]],[[[141963,718411],[142001,718420],[141946,718315],[141963,718411]]],[[[139402,718375],[139397,718453],[139425,718407],[139402,718375]]],[[[140023,718508],[140070,718543],[140059,718489],[140023,718508]]],[[[139550,718552],[139590,718556],[139570,718485],[139550,718552]]],[[[140576,718655],[140597,718611],[140542,718577],[140576,718655]]],[[[139756,718662],[139811,718682],[139762,718595],[139756,718662]]],[[[140462,718719],[140502,718724],[140468,718678],[140462,718719]]],[[[137851,722417],[137857,722465],[137911,722417],[137851,722417]]],[[[137062,722926],[137241,722995],[137278,722635],[137062,722926]]],[[[136941,723245],[136959,723289],[136979,723203],[136941,723245]]],[[[137390,723361],[137444,723366],[137415,723272],[137390,723361]]],[[[139683,723687],[139615,723662],[139650,723719],[139683,723687]]],[[[139676,723996],[139783,723972],[139656,723817],[139676,723996]]],[[[140563,724198],[140614,724103],[140569,724102],[140563,724198]]],[[[140665,724202],[140725,724231],[140747,724166],[140665,724202]]],[[[138079,732358],[138146,732482],[138209,732309],[138079,732358]]],[[[144034,733303],[144152,733411],[144158,733364],[144034,733303]]],[[[143341,735696],[144351,735890],[143438,734797],[143341,735696]]],[[[138068,737151],[138098,736542],[137203,736802],[137241,737453],[138068,737151]]],[[[143115,737217],[143226,737313],[143307,737170],[143115,737217]]],[[[142855,737350],[142876,737389],[142926,737346],[142855,737350]]],[[[138970,737683],[138961,737478],[138853,737433],[138970,737683]]],[[[138751,737662],[138887,737669],[138714,737572],[138751,737662]]],[[[140645,737662],[140677,737717],[140675,737626],[140645,737662]]],[[[139188,737801],[139310,737806],[139060,737587],[139188,737801]]],[[[141907,737831],[141921,737884],[141945,737806],[141907,737831]]],[[[140178,737941],[140305,737920],[140209,737785],[140178,737941]]],[[[138735,738003],[139093,738183],[139017,737906],[138735,738003]]],[[[138571,738128],[138709,738124],[138641,738050],[138571,738128]]],[[[139968,738234],[139966,738114],[139785,738050],[139968,738234]]],[[[140091,738068],[140119,738269],[140182,738059],[140091,738068]]],[[[140703,738505],[140797,738554],[140708,738269],[140703,738505]]],[[[140453,738473],[140564,738535],[140489,738441],[140453,738473]]],[[[140011,738735],[140097,738757],[140087,738539],[140011,738735]]],[[[138472,738709],[138589,738751],[138563,738650],[138472,738709]]],[[[138445,738797],[138477,738755],[138409,738739],[138445,738797]]],[[[139919,738947],[140011,738775],[139930,738760],[139919,738947]]],[[[143813,739875],[143888,739875],[143890,739797],[143813,739875]]],[[[144329,740021],[145015,738714],[143835,737902],[142106,738362],[141072,737732],[140914,739111],[139880,738992],[138800,738475],[138723,739154],[137258,739984],[138558,741911],[140348,742233],[142820,740043],[143182,740737],[143817,739613],[144329,740021]]],[[[143835,740123],[143781,739925],[143781,740114],[143835,740123]]],[[[144205,740485],[144460,740052],[144148,740292],[144205,740485]]],[[[143666,740513],[143702,740587],[143880,740395],[143666,740513]]],[[[143547,740567],[143569,740567],[143590,740531],[143547,740567]]],[[[143856,740648],[143913,740779],[144056,740504],[143856,740648]]],[[[143296,740741],[143376,740752],[143366,740684],[143296,740741]]],[[[143608,740841],[143696,740895],[143802,740684],[143608,740841]]],[[[138274,741692],[136617,739525],[136485,740554],[134898,740425],[134890,741497],[135323,741377],[135406,742188],[136687,742183],[137092,741245],[138274,741692]]],[[[143411,740805],[143366,740928],[143435,740921],[143411,740805]]],[[[143428,741062],[143448,741078],[143474,741051],[143428,741062]]],[[[138528,742027],[138556,742005],[138524,741933],[138528,742027]]],[[[141250,744291],[141293,744322],[141322,744234],[141250,744291]]],[[[140745,753728],[140821,753634],[140804,753613],[140745,753728]]],[[[140252,754320],[140316,754289],[140319,754213],[140252,754320]]],[[[138828,755083],[138858,755081],[138829,755043],[138828,755083]]],[[[141528,757081],[141585,757108],[141612,757017],[141528,757081]]],[[[141741,757508],[141790,757580],[141791,757504],[141741,757508]]],[[[142586,757656],[142587,757686],[142619,757653],[142586,757656]]],[[[142727,758059],[142786,757995],[142760,757995],[142727,758059]]],[[[142422,763930],[142480,763914],[142496,763854],[142422,763930]]],[[[141591,766620],[141617,766590],[141580,766587],[141591,766620]]],[[[142254,767492],[142283,767560],[142324,767442],[142254,767492]]],[[[142507,768166],[142569,768097],[142455,767997],[142507,768166]]],[[[143703,768445],[143754,768460],[143760,768415],[143703,768445]]],[[[143697,768545],[143760,768526],[143725,768509],[143697,768545]]],[[[143350,769632],[143421,769596],[143429,769563],[143350,769632]]],[[[143613,769757],[143664,769806],[143866,769719],[143613,769757]]],[[[143722,770081],[143740,770070],[143709,770064],[143722,770081]]],[[[140983,779310],[139578,778862],[139185,779698],[140143,780164],[139991,781077],[140598,780162],[142581,780607],[143020,779599],[142669,778968],[142163,779473],[142265,778601],[141647,778169],[140983,779310]]],[[[139124,780982],[139157,780961],[139142,780946],[139124,780982]]],[[[138899,781466],[138991,781326],[138880,781258],[138899,781466]]],[[[139134,781371],[139463,781670],[139738,781326],[139486,781059],[139134,781371]]],[[[145457,814526],[145752,812869],[144135,812220],[142686,814560],[144483,815391],[145204,814770],[144838,815440],[145837,816200],[147160,815759],[147154,814622],[145457,814526]]],[[[139093,815675],[139239,815759],[139229,815670],[139093,815675]]],[[[136385,857744],[136505,857644],[136369,857506],[136385,857744]]],[[[140661,875157],[140869,874892],[140911,874709],[140661,875157]]],[[[143738,878780],[144214,879158],[144598,878764],[144459,878372],[143738,878780]]],[[[136745,879436],[136760,879618],[136912,879404],[136745,879436]]],[[[140516,898773],[141735,898913],[142370,897528],[142061,896157],[141813,897826],[140516,898773]]],[[[138943,898336],[139045,898422],[139170,898348],[138943,898336]]],[[[138877,898441],[138904,898381],[138813,898352],[138877,898441]]],[[[142793,898552],[143269,899196],[143336,898487],[143864,898070],[142793,898552]]],[[[137053,908522],[137057,908541],[137071,908499],[137053,908522]]],[[[138360,909498],[138428,909466],[138406,909434],[138360,909498]]],[[[137182,909989],[138974,910355],[139385,909486],[138261,909937],[138262,909455],[137496,909596],[137182,909989]]],[[[138001,910651],[138132,910530],[138030,910537],[138001,910651]]],[[[141281,910651],[141272,910616],[141229,910638],[141281,910651]]],[[[137788,910657],[137808,910732],[137841,910634],[137788,910657]]],[[[137962,910780],[137997,910730],[137977,910715],[137962,910780]]],[[[137994,910873],[138015,910784],[137995,910773],[137994,910873]]],[[[136534,911501],[136575,911670],[136824,911207],[136534,911501]]],[[[136611,911779],[136633,911855],[136679,911699],[136611,911779]]],[[[141991,919322],[142027,919327],[142020,919286],[141991,919322]]],[[[141133,919477],[141150,919462],[141133,919455],[141133,919477]]],[[[141446,919614],[141493,919626],[141464,919568],[141446,919614]]],[[[141096,919671],[141093,919701],[141126,919664],[141096,919671]]],[[[141844,920468],[142416,920379],[142442,919589],[141844,920468]]],[[[141837,920244],[141925,920215],[141877,920207],[141837,920244]]],[[[138959,920331],[139045,920301],[138963,920285],[138959,920331]]],[[[141817,920372],[141892,920355],[141878,920307],[141817,920372]]],[[[138666,920426],[138728,920432],[138683,920388],[138666,920426]]],[[[138185,920468],[138207,920505],[138216,920460],[138185,920468]]],[[[142462,920505],[142490,920568],[142585,920493],[142462,920505]]],[[[142858,920570],[142885,920554],[142873,920498],[142858,920570]]],[[[141148,920605],[141220,920568],[141100,920466],[141148,920605]]],[[[142182,920537],[142192,920553],[142227,920535],[142182,920537]]],[[[138558,920601],[138614,920627],[138606,920549],[138558,920601]]],[[[141601,920632],[141717,920586],[141639,920545],[141601,920632]]],[[[142445,920595],[142490,920600],[142497,920582],[142445,920595]]],[[[141837,920642],[142076,920671],[142146,920548],[141837,920642]]],[[[141665,920630],[141615,920645],[141649,920657],[141665,920630]]],[[[141089,920678],[141106,920655],[141078,920645],[141089,920678]]],[[[138566,920664],[138632,920729],[138697,920630],[138566,920664]]],[[[141785,920798],[141872,920749],[141789,920729],[141785,920798]]],[[[138628,920816],[138704,920802],[138695,920730],[138628,920816]]],[[[141543,920962],[142151,920998],[142041,920746],[141543,920962]]],[[[141516,920964],[141549,920903],[141502,920902],[141516,920964]]],[[[136685,921201],[136906,921089],[136655,921018],[136685,921201]]],[[[136420,921298],[136590,921203],[136272,921099],[136420,921298]]],[[[137932,920876],[138867,922025],[139100,921377],[138262,920791],[137932,920876]]],[[[141133,921116],[141303,921785],[141710,921098],[141133,921116]]],[[[137942,921968],[137985,921920],[137938,921910],[137942,921968]]],[[[139185,922065],[139371,921955],[139300,921833],[139185,922065]]],[[[138065,922110],[138099,922025],[138047,922083],[138065,922110]]],[[[141028,922079],[140966,922038],[140981,922112],[141028,922079]]],[[[139324,922117],[139291,922191],[139322,922233],[139324,922117]]],[[[139617,922237],[139634,922282],[139654,922187],[139617,922237]]],[[[139487,922287],[139538,922286],[139484,922233],[139487,922287]]],[[[142085,922424],[142092,922452],[142117,922422],[142085,922424]]],[[[138308,922483],[138354,922521],[138335,922418],[138308,922483]]],[[[142416,922711],[142437,922728],[142430,922694],[142416,922711]]],[[[141678,922799],[141734,922802],[141728,922779],[141678,922799]]],[[[142315,923015],[142430,922753],[142066,922599],[142315,923015]]],[[[141868,922849],[141901,922873],[141880,922834],[141868,922849]]],[[[141655,922938],[141990,923005],[141650,922822],[141655,922938]]],[[[140915,923369],[141023,923404],[140895,923316],[140915,923369]]],[[[140116,923755],[140519,923549],[140140,923191],[140116,923755]]],[[[139456,923605],[139686,923425],[139484,923418],[139456,923605]]],[[[140871,923702],[140854,923594],[140721,923551],[140871,923702]]],[[[140384,923708],[140407,923666],[140316,923664],[140384,923708]]],[[[140758,923688],[140836,923831],[140958,923742],[140758,923688]]],[[[140212,924080],[140297,924007],[140141,923936],[140212,924080]]],[[[142279,924032],[142296,924000],[142236,923992],[142279,924032]]],[[[140355,924038],[140378,924069],[140426,924005],[140355,924038]]],[[[140920,924104],[140952,924126],[140975,924072],[140920,924104]]],[[[140827,924143],[140868,924089],[140789,924078],[140827,924143]]],[[[142759,924143],[142813,924135],[142802,924105],[142759,924143]]],[[[137340,924581],[137396,924548],[137315,924499],[137340,924581]]],[[[139907,925244],[140128,925278],[139897,925113],[139907,925244]]],[[[136707,925406],[136947,925360],[136870,925333],[136707,925406]]],[[[136371,925505],[136476,925456],[136360,925417],[136371,925505]]],[[[144713,930260],[144933,930558],[145070,930249],[144713,930260]]],[[[143195,930632],[143203,930635],[143220,930610],[143195,930632]]],[[[142428,931099],[142458,931090],[142446,931069],[142428,931099]]],[[[142441,931133],[142468,931096],[142407,931119],[142441,931133]]],[[[143410,931855],[143483,931832],[143427,931726],[143410,931855]]],[[[141870,931804],[141868,931815],[141913,931825],[141947,931792],[141870,931804]]],[[[143653,932176],[143699,932127],[143630,932113],[143653,932176]]],[[[136578,954344],[136678,954356],[136679,954336],[136578,954344]]],[[[141503,958397],[141429,958324],[141425,958366],[141503,958397]]],[[[143250,959497],[143245,959457],[143192,959437],[143250,959497]]],[[[143617,959573],[143620,959552],[143586,959545],[143617,959573]]],[[[143896,959611],[143905,959594],[143870,959587],[143896,959611]]],[[[143832,959642],[143860,959644],[143826,959624],[143832,959642]]],[[[144082,959673],[144098,959657],[144071,959644],[144082,959673]]],[[[144112,959673],[144132,959669],[144104,959656],[144112,959673]]],[[[144252,959701],[144299,959708],[144278,959685],[144252,959701]]],[[[144128,959719],[144157,959725],[144146,959685],[144128,959719]]],[[[145534,647374],[145602,647343],[145391,647240],[145534,647374]]],[[[145516,647410],[145545,647389],[145439,647344],[145516,647410]]],[[[145568,647502],[145699,647545],[145527,647415],[145568,647502]]],[[[145850,647562],[145914,647672],[145934,647615],[145850,647562]]],[[[145587,647600],[145824,647715],[145734,647583],[145587,647600]]],[[[145848,647885],[146058,648025],[145977,647643],[145848,647885]]],[[[145884,648079],[146009,648079],[145759,647867],[145884,648079]]],[[[145200,648374],[145243,648266],[144808,647865],[145200,648374]]],[[[146521,648225],[146567,648269],[146547,648218],[146521,648225]]],[[[146644,648391],[146695,648433],[146643,648335],[146644,648391]]],[[[145545,648707],[145477,648460],[145244,648344],[145545,648707]]],[[[146940,649028],[147311,649085],[147088,648588],[146940,649028]]],[[[145579,649238],[145694,649206],[145493,649038],[145579,649238]]],[[[145394,649192],[145425,649224],[145429,649164],[145394,649192]]],[[[146778,649244],[146997,649338],[146734,649072],[146778,649244]]],[[[146462,649322],[146831,649469],[146777,649254],[146462,649322]]],[[[145702,649409],[145744,649362],[145673,649320],[145702,649409]]],[[[146104,649479],[146147,649535],[146123,649438],[146104,649479]]],[[[146129,649834],[145888,649411],[145762,649400],[146129,649834]]],[[[146877,649751],[146972,649780],[146844,649696],[146877,649751]]],[[[149667,662058],[149687,662080],[149682,662022],[149667,662058]]],[[[149628,662210],[149844,662552],[150055,662488],[149842,662029],[149628,662210]]],[[[147206,662680],[146817,662670],[146888,663008],[147206,662680]]],[[[147288,663007],[147248,662964],[147223,663064],[147288,663007]]],[[[152475,664467],[152521,664434],[152468,664388],[152475,664467]]],[[[152605,664906],[152619,664888],[152595,664869],[152605,664906]]],[[[152569,664899],[152584,664918],[152570,664883],[152569,664899]]],[[[153218,666850],[153274,666869],[153223,666815],[153218,666850]]],[[[153663,667452],[154033,667850],[153543,667045],[153663,667452]]],[[[154518,668643],[154642,668576],[154359,668231],[154518,668643]]],[[[154753,668429],[154801,668495],[154778,668398],[154753,668429]]],[[[154073,668811],[154211,668918],[154128,668657],[154073,668811]]],[[[155491,670063],[155634,669881],[155367,669546],[155491,670063]]],[[[157834,674315],[157863,674349],[157848,674302],[157834,674315]]],[[[157841,674366],[157887,674442],[157874,674391],[157841,674366]]],[[[151559,680482],[151594,680430],[151570,680395],[151559,680482]]],[[[151632,680682],[151667,680657],[151579,680551],[151632,680682]]],[[[151732,680827],[151771,680874],[151758,680798],[151732,680827]]],[[[153709,680847],[153732,680872],[153725,680823],[153709,680847]]],[[[153732,680921],[153763,680973],[153749,680915],[153732,680921]]],[[[154202,681106],[154245,681160],[154222,681083],[154202,681106]]],[[[154413,681174],[154490,681281],[154429,681143],[154413,681174]]],[[[153476,681404],[153511,681445],[153496,681394],[153476,681404]]],[[[155375,681516],[155431,681778],[155497,681465],[155375,681516]]],[[[155594,681843],[155667,681879],[155626,681757],[155594,681843]]],[[[157170,681763],[157446,682070],[157160,681589],[157170,681763]]],[[[151359,681947],[151453,681978],[151386,681887],[151359,681947]]],[[[152686,667219],[153350,666211],[152477,665297],[151603,662553],[147133,663165],[145395,664459],[144139,667346],[144417,670919],[143831,671893],[144585,674955],[147646,679339],[150364,680565],[151671,680072],[152960,680785],[155717,680625],[159984,682823],[159681,684195],[157828,682019],[157218,683448],[157066,682550],[155877,682644],[155155,681322],[154891,681586],[154157,681165],[150888,683065],[150124,682809],[150520,684490],[152995,687364],[153100,688689],[157785,692833],[158600,693068],[160240,694362],[160863,694457],[161385,695105],[162378,695119],[163814,697513],[164166,697696],[164472,697072],[164742,697090],[167335,699311],[167357,700202],[168832,700154],[168758,701087],[169694,701425],[170942,699068],[170827,697094],[164677,686807],[163670,686527],[161721,682158],[160705,681959],[159980,678602],[157819,674803],[157616,673440],[157929,673080],[156982,671930],[157389,673298],[156396,673174],[155959,670654],[155053,671318],[153809,670813],[152686,667219]],[[150406,683950],[150455,684017],[150434,684085],[150406,683950]],[[165629,688695],[165667,688713],[165691,688782],[165629,688695]]],[[[156012,682189],[156034,682096],[155878,681904],[156012,682189]]],[[[151382,682248],[151428,682225],[151342,682147],[151382,682248]]],[[[158273,682348],[158351,682408],[158386,682283],[158273,682348]]],[[[158328,682509],[158411,682533],[158351,682474],[158328,682509]]],[[[150511,682778],[150561,682837],[150576,682745],[150511,682778]]],[[[150638,684749],[150683,684827],[150656,684733],[150638,684749]]],[[[151185,685674],[151261,685729],[151235,685672],[151185,685674]]],[[[152749,688179],[152769,688122],[152609,688084],[152749,688179]]],[[[154562,720565],[154557,720646],[154769,720562],[154562,720565]]],[[[154721,720637],[154775,720691],[154867,720630],[154721,720637]]],[[[146655,724653],[146669,724619],[146577,724615],[146655,724653]]],[[[148903,726069],[148984,726111],[148964,726064],[148903,726069]]],[[[148949,726135],[149007,726165],[149047,726111],[148949,726135]]],[[[154098,728891],[154144,728868],[154097,728818],[154098,728891]]],[[[145243,736560],[145336,736499],[145274,736488],[145243,736560]]],[[[171159,738787],[171488,737502],[173480,735913],[173116,734939],[174437,734461],[175053,735377],[174951,731820],[173774,732327],[174187,732735],[173291,733720],[172772,733056],[172322,732234],[173494,733019],[173422,731330],[173912,731704],[174794,730794],[173772,728068],[172948,727349],[171132,727836],[171191,730890],[170359,730381],[168890,730891],[169797,728897],[168403,728789],[168080,727335],[165778,725814],[171114,727454],[172215,727270],[171887,725942],[168602,722904],[162955,719769],[159633,721163],[162426,723669],[162097,724619],[160609,724962],[156823,721307],[153595,721640],[149780,718474],[147764,719698],[144782,719245],[143693,717935],[140299,718994],[138578,718132],[137381,718786],[136023,716154],[135793,717257],[132411,716949],[132539,718425],[130879,718552],[131234,721114],[130129,720863],[130167,721757],[129393,721545],[130299,724660],[131287,725752],[134733,725160],[134971,724271],[135146,723874],[135289,724714],[135997,724378],[136269,722842],[134387,722968],[138121,721768],[137560,724858],[138907,724690],[139637,723616],[140425,724064],[141085,723428],[141948,723612],[141418,724049],[141920,724363],[144106,723813],[144886,724821],[146536,724223],[148623,725685],[151898,726387],[152936,727878],[152278,728997],[153343,728345],[154440,728618],[154479,729096],[153499,728757],[151843,729754],[149456,727795],[148701,728734],[146831,727000],[140984,726407],[140180,727957],[140476,729382],[144046,732274],[145643,736122],[150239,736177],[154010,739429],[153479,741374],[154171,740614],[153858,741203],[153469,741426],[153111,741426],[151694,740213],[146249,738728],[145448,739877],[144599,739829],[145389,740936],[144781,741950],[140266,745427],[136453,745061],[133685,746337],[133799,748766],[135565,749022],[137261,751025],[135082,751133],[134760,754399],[137754,753830],[139094,754928],[142907,751239],[140850,753865],[141599,753636],[140751,754920],[140882,757062],[142801,755861],[142051,757220],[142617,756799],[142704,757943],[144665,757758],[147028,759241],[147961,757798],[150748,757038],[151190,755844],[150465,755035],[152649,753763],[155385,749422],[155074,748663],[156513,745452],[155652,744804],[157026,743221],[157749,743945],[158252,743303],[158937,742933],[162443,743309],[164754,741465],[164883,742684],[166514,742356],[168104,739389],[169715,738477],[171159,738787]],[[129562,721943],[129604,721948],[129612,722046],[129562,721943]],[[131061,725279],[131050,725334],[131018,725301],[131061,725279]],[[131402,725392],[131387,725436],[131345,725450],[131402,725392]],[[138869,718359],[138900,718388],[138888,718425],[138869,718359]],[[139416,718570],[139520,718629],[139463,718706],[139416,718570]],[[140631,723784],[140708,723758],[140665,723815],[140631,723784]],[[133889,725066],[133869,725124],[133865,725068],[133889,725066]],[[133089,725242],[133128,725280],[133100,725281],[133089,725242]],[[149740,728067],[149798,728115],[149759,728177],[149740,728067]],[[173332,735935],[173331,736016],[173236,735992],[173332,735935]]],[[[147505,737755],[148197,738402],[149029,738023],[148733,737546],[147505,737755]]],[[[145753,738933],[145534,739097],[145744,739025],[145753,738933]]],[[[145018,739618],[145066,739646],[145064,739611],[145018,739618]]],[[[158229,743565],[158403,743475],[158290,743468],[158229,743565]]],[[[155423,748234],[155479,748291],[155546,748214],[155423,748234]]],[[[152620,753932],[152737,753983],[152782,753820],[152620,753932]]],[[[152881,753994],[151939,754595],[151928,755452],[152881,753994]]],[[[151578,754943],[151772,755086],[151925,754880],[151578,754943]]],[[[158614,759025],[158653,759070],[158633,758981],[158614,759025]]],[[[156205,760248],[156211,760173],[156156,760163],[156205,760248]]],[[[158543,761989],[158906,761205],[158485,760996],[158543,761989]]],[[[148269,762804],[148443,762845],[148391,762712],[148269,762804]]],[[[150230,770956],[150272,770949],[150276,770926],[150230,770956]]],[[[150054,770944],[150052,770960],[150115,770940],[150054,770944]]],[[[158185,772826],[158196,772860],[158250,772797],[158185,772826]]],[[[148805,783839],[149011,783093],[148608,782815],[148805,783839]]],[[[145093,783522],[145011,783626],[145100,783577],[145093,783522]]],[[[146899,790497],[148422,791305],[149531,790245],[149361,784949],[148742,785145],[147850,783203],[146350,783356],[143664,785377],[143931,787420],[145342,788262],[146975,788115],[146899,790497]]],[[[155965,799252],[155991,799342],[156009,799223],[155965,799252]]],[[[152210,811204],[152279,811421],[152363,811071],[152210,811204]]],[[[149293,819165],[149386,819011],[149288,819063],[149293,819165]]],[[[148632,819495],[148661,819315],[148457,819423],[148632,819495]]],[[[149263,842363],[151485,842591],[152255,840559],[150821,838780],[152381,835416],[153121,835000],[153178,835810],[153678,835080],[152929,834656],[153000,832861],[151309,832636],[148970,830450],[152163,832297],[155798,832076],[156588,829753],[153925,827059],[157816,829057],[159316,827042],[162690,825558],[163594,825937],[164577,824780],[163927,823527],[165621,823056],[167777,824729],[166979,823385],[173827,826693],[176364,826165],[175034,825072],[178971,825311],[180090,824170],[178787,822039],[178518,819115],[176678,817402],[171497,814791],[169899,815918],[170569,814090],[169872,812525],[170944,811649],[169810,811557],[169809,809778],[168297,808359],[166786,808885],[165578,806158],[164461,805639],[164018,803420],[163524,803717],[163642,803079],[159756,799919],[159045,800456],[157194,799234],[156691,799823],[156258,799032],[155228,803447],[156118,804900],[157694,805209],[157273,807040],[157859,808558],[158789,808879],[157624,809772],[158126,810785],[159523,811398],[160013,812568],[161762,813071],[163384,815109],[166369,815582],[168199,817530],[165700,816147],[164538,816612],[164236,815690],[162231,816337],[158783,815706],[158306,819199],[156443,822459],[156596,817499],[155342,817252],[155287,815762],[152940,811387],[151257,812630],[152131,816275],[151002,819086],[150491,817966],[149364,819330],[148327,819680],[147797,816988],[145677,817528],[138750,815990],[141092,818779],[141303,820430],[140791,820887],[138534,819013],[137392,818941],[135219,822601],[135705,823695],[137621,823855],[138149,826391],[137175,824610],[134273,824327],[131690,827866],[131438,830544],[130075,831219],[130161,833388],[132923,834949],[133614,834511],[133500,836412],[136073,834729],[138205,831630],[140703,831404],[138587,832258],[137922,834306],[135192,836286],[135108,837841],[136509,838891],[131870,836427],[132218,838714],[130692,839483],[131552,840777],[130484,841131],[130486,843719],[128070,840028],[128737,842665],[127576,845005],[127686,842734],[127202,842485],[127229,843218],[126542,841946],[125315,842367],[125508,836785],[124350,836235],[121928,838390],[116356,841118],[115359,843144],[115994,843768],[115327,846306],[113970,847665],[112563,846883],[113425,850954],[116964,849780],[115703,851529],[115457,853673],[115669,855495],[117658,856883],[121723,848669],[122824,847394],[123524,849054],[124187,848753],[124845,846080],[125108,847233],[125574,847004],[124002,850516],[123408,849925],[123396,850169],[123160,850328],[122965,850217],[122792,850455],[123486,851304],[122292,855369],[123436,855124],[124700,855970],[126404,854002],[126953,855607],[122437,860831],[121880,859845],[121555,860241],[122563,861847],[123278,867081],[126235,864627],[126959,860096],[128429,859965],[130512,858275],[132892,854755],[132559,854121],[135015,856215],[133213,852134],[133945,852152],[134349,850923],[134288,853281],[136579,855062],[136735,857269],[138013,854010],[138358,854500],[139478,853519],[139660,851725],[140308,852719],[140628,849232],[141468,848755],[140846,852148],[142090,851748],[138714,855585],[138146,857338],[138701,857447],[137169,860023],[137330,861787],[138001,861029],[139569,863812],[137440,863501],[137662,866591],[135880,869992],[137218,870840],[137073,871943],[138683,871766],[140507,872937],[141275,874430],[140826,877037],[142071,876007],[144141,876764],[144390,875764],[143652,875011],[146631,872801],[147316,868726],[149914,868105],[152024,862759],[152830,862846],[151989,860429],[152458,858267],[151561,853127],[152100,850047],[151250,845345],[149472,843529],[148008,843541],[147595,841150],[148896,842977],[149263,842363]]],[[[161709,851918],[161333,850252],[158048,844864],[158601,840299],[160020,838210],[159956,836799],[157482,834194],[156302,833689],[155331,834338],[155473,835709],[154181,836328],[155207,839551],[154843,844149],[156902,848558],[159084,847611],[159544,848754],[158482,849303],[159706,851479],[160883,851857],[160651,853313],[161709,851918]]],[[[158499,849499],[158571,849538],[158565,849497],[158499,849499]]],[[[158277,849871],[158290,849842],[158232,849796],[158277,849871]]],[[[157821,851471],[157896,851435],[157880,851285],[157821,851471]]],[[[152457,851520],[152531,851416],[152503,851311],[152457,851520]]],[[[148996,869636],[149529,868996],[149026,868987],[148996,869636]]],[[[147766,872070],[148284,871792],[148338,871388],[147766,872070]]],[[[147955,872277],[147938,872499],[148221,872062],[147955,872277]]],[[[151576,929023],[151600,929087],[151596,929028],[151576,929023]]],[[[153227,930122],[153245,930034],[153078,929962],[153227,930122]]],[[[153034,930114],[153103,930084],[153043,930020],[153034,930114]]],[[[145416,930495],[145436,930476],[145421,930457],[145416,930495]]],[[[145901,930547],[146000,930619],[146055,930459],[145901,930547]]],[[[145119,930579],[145124,930563],[145092,930556],[145119,930579]]],[[[153641,931056],[153656,931055],[153642,931045],[153641,931056]]],[[[153626,931083],[153660,931133],[153659,931069],[153626,931083]]],[[[153538,931084],[153543,931120],[153553,931082],[153538,931084]]],[[[153855,931376],[153878,931391],[153870,931371],[153855,931376]]],[[[146515,931394],[146474,931373],[146448,931403],[146515,931394]]],[[[153872,931404],[153894,931413],[153901,931397],[153872,931404]]],[[[153929,931404],[153934,931419],[153947,931403],[153929,931404]]],[[[154057,931430],[154067,931420],[154054,931395],[154057,931430]]],[[[154391,931540],[154410,931564],[154414,931531],[154391,931540]]],[[[154655,931653],[154682,931633],[154665,931622],[154655,931653]]],[[[155418,932324],[155438,932320],[155416,932311],[155418,932324]]],[[[149101,932976],[149096,932942],[149091,932941],[149101,932976]]],[[[149077,933001],[149080,932982],[149063,932940],[149077,933001]]],[[[155959,933671],[155966,933668],[155941,933640],[155959,933671]]],[[[155622,934119],[155665,934084],[155593,934075],[155622,934119]]],[[[155651,934282],[155679,934285],[155668,934268],[155651,934282]]],[[[155896,934510],[155892,934500],[155863,934494],[155896,934510]]],[[[156071,934840],[156075,934844],[156084,934819],[156071,934840]]],[[[157029,936532],[156998,936505],[156966,936520],[157029,936532]]],[[[155333,937072],[155342,937102],[155361,937062],[155333,937072]]],[[[155732,937947],[155750,937938],[155731,937928],[155732,937947]]],[[[156267,938085],[156292,938103],[156323,938034],[156267,938085]]],[[[147589,938916],[147607,938901],[147568,938898],[147589,938916]]],[[[149135,939256],[149174,939255],[149165,939206],[149135,939256]]],[[[150116,940666],[150532,940716],[150287,940628],[150116,940666]]],[[[150574,940708],[150571,940735],[150608,940750],[150574,940708]]],[[[149989,940843],[150101,940903],[150149,940818],[149989,940843]]],[[[150504,940933],[150588,940942],[150521,940909],[150504,940933]]],[[[149856,941000],[149934,941062],[149948,940980],[149856,941000]]],[[[150317,941217],[150340,941030],[149977,941000],[150317,941217]]],[[[150644,941809],[150695,941831],[150687,941802],[150644,941809]]],[[[151721,943413],[151828,943436],[151776,943400],[151721,943413]]],[[[153756,945537],[153812,945547],[153806,945531],[153756,945537]]],[[[155749,946764],[155801,946772],[155784,946739],[155749,946764]]],[[[155123,953363],[155193,953397],[155197,953338],[155123,953363]]],[[[156194,957463],[156262,957507],[156206,957441],[156194,957463]]],[[[155560,958788],[155599,958824],[155619,958771],[155560,958788]]],[[[146174,960747],[146193,960721],[146129,960711],[146174,960747]]],[[[156019,961117],[156085,961131],[156010,961072],[156019,961117]]],[[[155687,961548],[155714,961556],[155708,961541],[155687,961548]]],[[[155602,961585],[155651,961596],[155622,961567],[155602,961585]]],[[[155537,961749],[155569,961731],[155548,961731],[155537,961749]]],[[[155587,961766],[155641,961791],[155605,961753],[155587,961766]]],[[[155414,961844],[155443,961866],[155421,961828],[155414,961844]]],[[[155446,961892],[155478,961903],[155471,961876],[155446,961892]]],[[[155333,961912],[155340,961896],[155320,961878],[155333,961912]]],[[[155073,962349],[155106,962329],[155081,962324],[155073,962349]]],[[[147291,962440],[147327,962448],[147285,962406],[147291,962440]]],[[[148050,962562],[148097,962550],[148081,962510],[148050,962562]]],[[[148311,962642],[148334,962625],[148286,962611],[148311,962642]]],[[[147545,962664],[147587,962654],[147600,962616],[147545,962664]]],[[[148362,962707],[148375,962700],[148373,962675],[148362,962707]]],[[[148875,962696],[148895,962698],[148897,962689],[148875,962696]]],[[[148415,962725],[148405,962702],[148400,962740],[148415,962725]]],[[[148947,962737],[148922,962733],[148947,962746],[148947,962737]]],[[[154179,962949],[154333,963097],[154383,962940],[154179,962949]]],[[[150231,963760],[150193,963776],[150280,963795],[150231,963760]]],[[[153963,963790],[153971,963803],[153977,963786],[153963,963790]]],[[[154140,964103],[154151,964086],[154122,964082],[154140,964103]]],[[[153519,965126],[153583,965155],[153597,965115],[153519,965126]]],[[[153694,965157],[153718,965131],[153621,965118],[153694,965157]]],[[[150913,965276],[150930,965343],[150940,965260],[150913,965276]]],[[[150848,965324],[150853,965311],[150837,965310],[150848,965324]]],[[[150892,965325],[150904,965338],[150909,965321],[150892,965325]]],[[[150769,965341],[150787,965332],[150763,965320],[150769,965341]]],[[[150820,965367],[150829,965349],[150810,965346],[150820,965367]]],[[[153046,965472],[153026,965437],[152973,965433],[153046,965472]]],[[[151125,965478],[151147,965484],[151135,965448],[151125,965478]]],[[[152761,965704],[152787,965693],[152744,965691],[152761,965704]]],[[[150552,965696],[150582,965724],[150590,965688],[150552,965696]]],[[[150526,965736],[150521,965712],[150502,965707],[150526,965736]]],[[[152843,965744],[152862,965715],[152790,965702],[152843,965744]]],[[[152586,965766],[152613,965794],[152640,965752],[152586,965766]]],[[[152643,965804],[152662,965806],[152663,965792],[152643,965804]]],[[[152556,965794],[152568,965808],[152571,965793],[152556,965794]]],[[[150587,965947],[150667,965954],[150679,965911],[150587,965947]]],[[[150666,965957],[150699,965981],[150705,965954],[150666,965957]]],[[[150656,966064],[150706,966066],[150701,965998],[150656,966064]]],[[[150935,966075],[150944,966099],[150954,966074],[150935,966075]]],[[[150720,966100],[150800,966119],[150791,966083],[150720,966100]]],[[[150813,966105],[150829,966120],[150829,966086],[150813,966105]]],[[[150628,966140],[150653,966140],[150655,966121],[150628,966140]]],[[[150718,966216],[150738,966244],[150748,966208],[150718,966216]]],[[[151288,966399],[151307,966417],[151310,966395],[151288,966399]]],[[[152069,966504],[152088,966497],[152075,966497],[152069,966504]]],[[[152055,966542],[152083,966517],[152042,966517],[152055,966542]]],[[[152016,966604],[152109,966562],[151956,966518],[152016,966604]]],[[[151974,966552],[151909,966574],[151937,966598],[151974,966552]]],[[[152119,966601],[152143,966612],[152145,966590],[152119,966601]]],[[[151936,966725],[151953,966706],[151905,966698],[151936,966725]]],[[[151952,966734],[151989,966739],[151983,966729],[151952,966734]]],[[[151859,966754],[151871,966774],[151880,966745],[151859,966754]]],[[[152011,966755],[151897,966745],[151955,966785],[152011,966755]]],[[[151983,966811],[151948,966807],[151970,966824],[151983,966811]]],[[[151977,966824],[152001,966832],[151996,966815],[151977,966824]]],[[[151917,966900],[151934,966928],[151963,966898],[151917,966900]]],[[[163444,643464],[163461,643503],[163461,643446],[163444,643464]]],[[[164281,643781],[164271,643708],[164255,643707],[164281,643781]]],[[[164213,643857],[164245,643866],[164195,643780],[164213,643857]]],[[[164151,644831],[164382,644378],[163804,643248],[164151,644831]]],[[[164476,645513],[164472,645472],[164448,645470],[164476,645513]]],[[[164560,645645],[164621,645624],[164549,645491],[164560,645645]]],[[[164508,645629],[164518,645694],[164533,645629],[164508,645629]]],[[[164483,645744],[164494,645731],[164472,645699],[164483,645744]]],[[[164565,645746],[164594,645721],[164542,645701],[164565,645746]]],[[[164485,645773],[164532,645797],[164512,645756],[164485,645773]]],[[[164570,645756],[164856,646156],[164746,645756],[164570,645756]]],[[[164539,646088],[164574,646081],[164528,646037],[164539,646088]]],[[[163956,646120],[163974,646101],[163934,646050],[163956,646120]]],[[[164929,646137],[164946,646123],[164937,646083],[164929,646137]]],[[[164641,646221],[164651,646138],[164586,646049],[164641,646221]]],[[[163127,646322],[163147,646317],[163078,646255],[163127,646322]]],[[[163000,646929],[163043,646933],[162993,646851],[163000,646929]]],[[[162517,646973],[162572,646941],[162496,646891],[162517,646973]]],[[[163125,647225],[163114,647180],[163072,647164],[163125,647225]]],[[[163117,647298],[163159,647296],[163120,647234],[163117,647298]]],[[[165641,647344],[165656,647292],[165608,647228],[165641,647344]]],[[[163195,647381],[163181,647423],[163209,647413],[163195,647381]]],[[[162624,647912],[162721,647856],[162554,647648],[162624,647912]]],[[[163577,647920],[163556,647854],[163512,647839],[163577,647920]]],[[[162959,647939],[162975,647922],[162952,647900],[162959,647939]]],[[[162769,648097],[162761,648067],[162701,648053],[162769,648097]]],[[[165476,648300],[165478,648159],[165365,648113],[165476,648300]]],[[[162734,648253],[162798,648258],[162730,648199],[162734,648253]]],[[[165544,648242],[165565,648302],[165573,648234],[165544,648242]]],[[[162767,648512],[162778,648504],[162770,648503],[162767,648512]]],[[[165473,649187],[165521,649252],[165495,649166],[165473,649187]]],[[[165578,649684],[165599,649667],[165550,649632],[165578,649684]]],[[[166025,650038],[166099,650022],[166015,649900],[166025,650038]]],[[[165730,652686],[166228,651397],[165593,650832],[165350,649754],[165565,649611],[166417,650104],[165171,648958],[165202,646979],[164850,647079],[163274,645569],[163665,648023],[162980,648032],[162794,649055],[164767,652568],[165327,652315],[165267,652931],[165148,654137],[166335,654779],[167011,653889],[165730,652686]],[[163981,650805],[164043,650813],[164045,650852],[163981,650805]],[[164918,652393],[164939,652384],[164964,652414],[164918,652393]],[[165410,653528],[165449,653541],[165441,653601],[165410,653528]],[[165383,653734],[165426,653802],[165382,653781],[165383,653734]],[[165979,654336],[166019,654407],[165990,654408],[165979,654336]],[[166012,654483],[166054,654509],[166051,654535],[166012,654483]]],[[[166233,651439],[166249,651477],[166245,651433],[166233,651439]]],[[[164540,652314],[164522,652274],[164497,652339],[164540,652314]]],[[[165306,652526],[165309,652483],[165286,652479],[165306,652526]]],[[[166117,652882],[166162,652885],[166090,652847],[166117,652882]]],[[[165230,652892],[165267,652931],[165231,652857],[165230,652892]]],[[[166889,653597],[166907,653574],[166878,653569],[166889,653597]]],[[[166098,654745],[166131,654747],[166107,654716],[166098,654745]]],[[[166451,655439],[166478,655475],[166475,655436],[166451,655439]]],[[[166507,655566],[166534,655550],[166489,655517],[166507,655566]]],[[[166560,655710],[166526,655627],[166462,655599],[166560,655710]]],[[[160435,671202],[160476,671223],[160448,671149],[160435,671202]]],[[[169525,672685],[169572,672624],[169520,672525],[169525,672685]]],[[[169365,673212],[169464,673236],[169340,673116],[169365,673212]]],[[[169573,673363],[169572,673303],[169511,673234],[169573,673363]]],[[[169618,673514],[169646,673528],[169639,673448],[169618,673514]]],[[[166244,674797],[166251,674754],[166140,674667],[166244,674797]]],[[[169462,674842],[169544,674672],[169415,674644],[169462,674842]]],[[[166411,675317],[166977,675598],[166519,674902],[166411,675317]]],[[[168855,675268],[168894,675486],[169134,675726],[168855,675268]]],[[[169780,675864],[169657,675644],[169597,675614],[169780,675864]]],[[[167874,676155],[167893,675831],[167558,675410],[167874,676155]]],[[[167966,675950],[168135,676009],[167939,675614],[167966,675950]]],[[[169517,676987],[169542,676982],[169495,676896],[169517,676987]]],[[[168696,676970],[168767,677057],[168672,676863],[168696,676970]]],[[[168817,677285],[168924,677266],[168782,677096],[168817,677285]]],[[[168618,677921],[168585,677777],[168436,677654],[168618,677921]]],[[[168547,678401],[168666,678588],[168493,678161],[168547,678401]]],[[[166407,678876],[166411,678830],[166354,678777],[166407,678876]]],[[[166162,678906],[166263,679030],[166233,678861],[166162,678906]]],[[[169181,679581],[169661,679992],[170331,679328],[171226,680540],[169192,677380],[168645,677952],[169181,679581]]],[[[160822,681654],[160863,681679],[160826,681611],[160822,681654]]],[[[158828,682651],[158798,682563],[158674,682551],[158828,682651]]],[[[170769,685529],[170858,685673],[170789,685507],[170769,685529]]],[[[163590,686047],[163591,686163],[163640,686164],[163590,686047]]],[[[164298,686573],[164318,686499],[164162,686359],[164298,686573]]],[[[165411,688030],[165449,688005],[165356,687885],[165411,688030]]],[[[158725,693325],[158787,693382],[158744,693307],[158725,693325]]],[[[159654,694034],[159687,694060],[159662,693997],[159654,694034]]],[[[164556,697177],[164606,697199],[164574,697119],[164556,697177]]],[[[164716,697293],[164750,697332],[164756,697259],[164716,697293]]],[[[164445,697436],[164465,697414],[164445,697377],[164445,697436]]],[[[165344,698263],[165397,698275],[165343,698168],[165344,698263]]],[[[165821,698610],[165821,698591],[165794,698573],[165821,698610]]],[[[168407,701069],[168478,701058],[168447,700951],[168407,701069]]],[[[167543,701085],[167553,700955],[167443,700941],[167543,701085]]],[[[167376,701086],[167420,701107],[167406,701052],[167376,701086]]],[[[167716,704718],[167749,704756],[167753,704701],[167716,704718]]],[[[172024,705985],[172109,703359],[170306,702498],[167488,702862],[167185,703849],[168574,705778],[171204,707043],[172024,705985]],[[167836,704750],[167875,704704],[167873,704777],[167836,704750]]],[[[169128,707620],[169285,708074],[169430,707782],[169128,707620]]],[[[169854,707969],[169910,707912],[169849,707842],[169854,707969]]],[[[169707,708354],[170728,709292],[170626,709892],[171212,710043],[171504,707271],[169707,708354]]],[[[164570,710550],[164400,709740],[163320,709210],[164570,710550]]],[[[169540,709979],[169566,709899],[169471,709880],[169540,709979]]],[[[170159,710877],[169754,710173],[169004,710279],[169358,710745],[170159,710877]]],[[[165420,710735],[165413,710688],[165317,710645],[165420,710735]]],[[[164983,710747],[164866,710641],[164883,710757],[164983,710747]]],[[[165015,710910],[164914,710834],[164915,710879],[165015,710910]]],[[[169325,711184],[169660,711405],[169796,711036],[169558,710894],[169325,711184]]],[[[165809,711512],[165649,711094],[165152,710894],[165809,711512]]],[[[167768,712545],[165997,711370],[166395,712340],[167541,712704],[167768,712545]]],[[[167959,712728],[168266,712849],[167920,712406],[167959,712728]]],[[[162656,719589],[162831,719621],[162633,719468],[162656,719589]]],[[[161270,723059],[161314,723115],[161449,722997],[161270,723059]]],[[[161107,724502],[161158,724285],[160887,724267],[161107,724502]]],[[[170696,729897],[170712,729943],[170752,729867],[170696,729897]]],[[[170777,729939],[170775,729969],[170800,729937],[170777,729939]]],[[[159497,745140],[159595,745083],[159583,745002],[159497,745140]]],[[[161946,746238],[162252,746045],[162046,746017],[161946,746238]]],[[[161670,757613],[161709,757545],[161642,757506],[161670,757613]]],[[[161003,758499],[161175,758157],[160999,758157],[161003,758499]]],[[[161367,757993],[162244,759881],[162874,758904],[161670,757791],[161367,757993]]],[[[160750,758718],[159274,759165],[157961,758979],[159422,759985],[160750,758718]]],[[[158913,759898],[158984,759886],[158948,759787],[158913,759898]]],[[[160887,760196],[161283,760000],[160963,759831],[160887,760196]]],[[[160729,760004],[160743,760098],[160795,759974],[160729,760004]]],[[[164734,760020],[164767,760071],[164821,760007],[164734,760020]]],[[[161813,760446],[161852,760406],[161821,760363],[161813,760446]]],[[[161000,760590],[161232,760455],[160992,760312],[161000,760590]]],[[[160527,760522],[160566,760531],[160545,760441],[160527,760522]]],[[[161888,760457],[161803,760556],[161905,760567],[161888,760457]]],[[[161835,771230],[161849,771292],[161882,771224],[161835,771230]]],[[[158675,772537],[158722,772494],[158680,772464],[158675,772537]]],[[[166145,772743],[166190,772952],[166436,772626],[166145,772743]]],[[[167018,772851],[167181,772929],[167302,772685],[167018,772851]]],[[[162881,772939],[162945,772890],[162765,772837],[162881,772939]]],[[[163619,773098],[163653,773244],[163711,773064],[163619,773098]]],[[[163095,773259],[163115,773214],[163058,773192],[163095,773259]]],[[[162935,773339],[162854,773286],[162864,773373],[162935,773339]]],[[[162758,773382],[162745,773283],[162668,773402],[162758,773382]]],[[[162513,773849],[162559,773887],[162567,773768],[162513,773849]]],[[[167478,773363],[166168,773602],[164861,772663],[163581,773438],[162716,773465],[163468,775499],[167478,773363]]],[[[163832,776493],[163927,776265],[163729,776133],[163832,776493]]],[[[163486,776320],[163523,776477],[163573,776207],[163486,776320]]],[[[166154,778268],[166281,778076],[166084,777988],[166154,778268]]],[[[169407,779226],[169287,779486],[169536,779701],[169407,779226]]],[[[169254,780155],[169288,780318],[169387,780120],[169254,780155]]],[[[163083,781404],[163165,781360],[163052,781347],[163083,781404]]],[[[166767,782501],[166575,782388],[166653,782492],[166767,782501]]],[[[162539,782453],[162650,782597],[162749,782435],[162539,782453]]],[[[167510,782854],[167502,782728],[167338,782782],[167510,782854]]],[[[167103,783213],[167258,783253],[167125,783120],[167103,783213]]],[[[167233,783510],[167432,783531],[167124,783303],[167233,783510]]],[[[168300,783580],[168399,783594],[168296,783450],[168300,783580]]],[[[161346,786032],[161045,785767],[160580,785785],[160616,786075],[161346,786032]]],[[[162107,786260],[162145,786320],[162183,786225],[162107,786260]]],[[[162435,787050],[162507,787102],[162534,786995],[162435,787050]]],[[[161546,787256],[161625,787337],[161610,787186],[161546,787256]]],[[[161894,787394],[162209,787302],[161920,787151],[161894,787394]]],[[[161792,787420],[161846,787295],[161736,787205],[161792,787420]]],[[[163616,787435],[163656,787538],[163675,787455],[163616,787435]]],[[[163509,787595],[163634,787610],[163507,787468],[163509,787595]]],[[[162723,787714],[163489,788383],[163582,787687],[162723,787714]]],[[[163672,788156],[163693,788069],[163630,788060],[163672,788156]]],[[[165245,790203],[165251,790136],[165142,790130],[165245,790203]]],[[[165388,790258],[165565,790285],[165331,790079],[165388,790258]]],[[[165353,790748],[165382,790784],[165402,790697],[165353,790748]]],[[[164585,791280],[164656,791292],[164671,791237],[164585,791280]]],[[[164680,791695],[164704,791644],[164627,791624],[164680,791695]]],[[[165436,791749],[165497,791717],[165466,791681],[165436,791749]]],[[[165584,791776],[165639,791708],[165572,791691],[165584,791776]]],[[[167167,797030],[167218,797058],[167213,797023],[167167,797030]]],[[[167514,797224],[167570,797259],[167602,797223],[167514,797224]]],[[[170770,800322],[170822,800255],[170676,800196],[170770,800322]]],[[[170658,801037],[170680,800921],[170563,800902],[170658,801037]]],[[[170832,812185],[170847,812156],[170743,812136],[170832,812185]]],[[[159340,812383],[159512,812473],[159355,812276],[159340,812383]]],[[[162257,815662],[162327,815655],[162285,815569],[162257,815662]]],[[[164486,815823],[164662,816116],[164911,815736],[164486,815823]]],[[[168155,826961],[167099,826376],[166827,827420],[167707,827906],[168155,826961]]],[[[163773,827178],[163759,827453],[163885,827114],[163773,827178]]],[[[163644,831000],[163292,827985],[160152,827374],[157792,830956],[158297,832676],[160588,832940],[163644,831000]]],[[[165646,831718],[166224,831028],[165733,830593],[165646,831718]]],[[[163802,833100],[163798,832951],[163686,832928],[163802,833100]]],[[[168662,833713],[168245,836225],[168938,834056],[169378,835490],[170095,833571],[168662,833713]]],[[[169193,837846],[169521,838187],[169500,837791],[169193,837846]]],[[[170165,841533],[170299,841139],[170040,840706],[170165,841533]]],[[[158779,849959],[158340,851568],[158910,852293],[159321,851344],[158779,849959]]],[[[161769,853575],[161811,853555],[161820,853507],[161769,853575]]],[[[161214,853560],[161250,853601],[161324,853518],[161214,853560]]],[[[161540,853730],[161594,853785],[161702,853609],[161540,853730]]],[[[160936,853287],[159745,854170],[160421,854372],[160936,853287]]],[[[161659,854147],[162004,853997],[161941,853762],[161659,854147]]],[[[160549,856452],[160785,856278],[160624,856087],[160549,856452]]],[[[160525,856885],[160628,856878],[160622,856793],[160525,856885]]],[[[160899,854900],[161540,854897],[160757,855651],[161885,857024],[161049,856555],[160665,857353],[162190,858038],[161505,860218],[162009,860929],[162408,860419],[162221,861105],[162940,860470],[162726,861804],[163658,860051],[161843,854131],[160899,854900]]],[[[161488,860565],[161533,860511],[161444,860493],[161488,860565]]],[[[161541,860637],[161603,860621],[161580,860579],[161541,860637]]],[[[161645,860928],[161698,860931],[161710,860877],[161645,860928]]],[[[163344,861617],[163332,861652],[163360,861614],[163344,861617]]],[[[162265,861800],[162407,861811],[162354,861700],[162265,861800]]],[[[163126,861941],[163167,861929],[163134,861859],[163126,861941]]],[[[162876,861956],[162906,861953],[162892,861915],[162876,861956]]],[[[162818,862146],[162839,862136],[162812,862114],[162818,862146]]],[[[161786,1029675],[161853,1029699],[161809,1029607],[161786,1029675]]],[[[161870,1030604],[161885,1030609],[161893,1030589],[161870,1030604]]],[[[162198,1030495],[161820,1030294],[162345,1030963],[162198,1030495]]],[[[161971,1030719],[161948,1030673],[161940,1030699],[161971,1030719]]],[[[162292,1030705],[162331,1030724],[162341,1030701],[162292,1030705]]],[[[161937,1030745],[161950,1030718],[161905,1030704],[161937,1030745]]],[[[161832,1030810],[161873,1030822],[161850,1030778],[161832,1030810]]],[[[161884,1030868],[161895,1030896],[161905,1030866],[161884,1030868]]],[[[161836,1031044],[161849,1031050],[161843,1031013],[161836,1031044]]],[[[161242,1031253],[161254,1031229],[161238,1031226],[161242,1031253]]],[[[173254,604986],[173723,604386],[172537,603667],[171619,604182],[173254,604986]]],[[[174250,605074],[174343,605032],[174119,604990],[174250,605074]]],[[[173201,605357],[173172,605837],[173393,605330],[173201,605357]]],[[[175218,620301],[176185,620521],[176314,620052],[175947,619851],[175218,620301]]],[[[177033,625921],[177113,625876],[177037,625835],[177033,625921]]],[[[178537,627300],[178603,627363],[178535,627257],[178537,627300]]],[[[182067,637434],[182087,637402],[182067,637344],[182067,637434]]],[[[181267,641998],[181298,642008],[181320,641983],[181267,641998]]],[[[173405,657787],[173361,657789],[173390,657805],[173405,657787]]],[[[174758,658098],[174352,657622],[174357,657885],[174758,658098]]],[[[173319,659058],[173268,658996],[173281,659042],[173319,659058]]],[[[176376,659412],[176422,659442],[176382,659389],[176376,659412]]],[[[180691,661590],[180704,661534],[180635,661479],[180691,661590]]],[[[182380,663688],[182435,663728],[182402,663621],[182380,663688]]],[[[183430,665942],[183543,665961],[183412,665722],[183430,665942]]],[[[171142,672528],[171138,672482],[171077,672440],[171142,672528]]],[[[171040,672555],[171344,672924],[171066,672503],[171040,672555]]],[[[171261,672983],[171226,672882],[171138,672839],[171261,672983]]],[[[172866,674501],[172905,674414],[172770,674225],[172866,674501]]],[[[175241,675950],[175290,675943],[175159,675807],[175241,675950]]],[[[175016,676481],[175077,676489],[174977,676379],[175016,676481]]],[[[171897,682398],[171962,682232],[171613,682146],[171897,682398]]],[[[171993,682095],[172212,682642],[172326,682316],[171993,682095]]],[[[172543,682624],[172927,682880],[172476,682350],[172543,682624]]],[[[175560,685660],[175673,685421],[175325,685059],[175560,685660]]],[[[175328,685760],[175241,685547],[175256,685689],[175328,685760]]],[[[171417,686251],[171248,685952],[171296,686155],[171417,686251]]],[[[171247,686383],[171415,686449],[171051,685806],[171247,686383]]],[[[177268,686365],[177400,686466],[177271,686257],[177268,686365]]],[[[171777,687308],[172129,687706],[171837,686916],[171777,687308]]],[[[172352,687621],[172552,687698],[171996,686968],[172352,687621]]],[[[176298,687889],[176417,688002],[176197,687706],[176298,687889]]],[[[176484,687990],[176724,688207],[176564,687950],[176484,687990]]],[[[176630,688295],[176689,688288],[176567,688138],[176630,688295]]],[[[176759,688439],[176839,688510],[176739,688371],[176759,688439]]],[[[173112,689227],[173377,689458],[173055,688654],[173112,689227]]],[[[172298,692771],[172276,692651],[172133,692581],[172298,692771]]],[[[178214,694648],[178300,694403],[178109,694261],[178214,694648]]],[[[179848,694830],[179997,694711],[179705,694549],[179848,694830]]],[[[174608,696190],[174707,696373],[174769,696366],[174608,696190]]],[[[174703,696741],[174714,696708],[174640,696662],[174703,696741]]],[[[177755,696855],[177783,696650],[177679,696601],[177755,696855]]],[[[174721,696841],[174796,696876],[174721,696780],[174721,696841]]],[[[174990,697018],[175273,697250],[175071,696948],[174990,697018]]],[[[174990,697207],[175065,697279],[175050,697170],[174990,697207]]],[[[175310,697483],[175432,697533],[175301,697291],[175310,697483]]],[[[174530,697366],[174679,697581],[174584,697355],[174530,697366]]],[[[177773,697982],[177785,697897],[177643,697783],[177773,697982]]],[[[175517,698105],[175823,698233],[175338,697556],[175517,698105]]],[[[177823,698302],[177843,698224],[177795,698210],[177823,698302]]],[[[173764,699626],[173706,699161],[173380,698912],[173764,699626]]],[[[179134,700060],[178858,699141],[177967,698569],[179134,700060]]],[[[179265,700469],[179140,700194],[178956,700157],[179265,700469]]],[[[174696,700547],[174733,700404],[174594,700298],[174696,700547]]],[[[174776,700617],[174799,700713],[174850,700785],[174776,700617]]],[[[174941,701002],[174926,700891],[174871,700829],[174941,701002]]],[[[174963,701170],[175265,701359],[174900,700527],[174963,701170]]],[[[179235,700643],[180351,702450],[181139,702945],[179665,700531],[179235,700643]]],[[[178595,701777],[178700,701898],[178779,701616],[178595,701777]]],[[[179161,702351],[179605,702389],[178979,701587],[179161,702351]]],[[[176204,701949],[176429,702270],[176365,701920],[176204,701949]]],[[[180980,704424],[181160,704149],[179887,702612],[180980,704424]]],[[[174193,705462],[174377,705565],[174408,705173],[174193,705462]]],[[[172041,706038],[172075,706052],[172038,705924],[172041,706038]]],[[[172088,706063],[172109,706060],[172110,706040],[172088,706063]]],[[[178692,706907],[178774,706912],[178679,706737],[178692,706907]]],[[[171421,707155],[171563,707079],[171441,707074],[171421,707155]]],[[[178447,707339],[178770,707565],[178568,707160],[178447,707339]]],[[[176056,706180],[176368,710022],[177457,709191],[177526,707443],[176056,706180]]],[[[178496,708806],[178491,708974],[178626,709157],[178496,708806]]],[[[174703,705443],[173769,706261],[173725,707811],[172818,708961],[174769,714594],[175037,712851],[175965,712023],[174762,708884],[174703,705443]]],[[[171395,710927],[171252,710127],[170831,710052],[171395,710927]]],[[[173103,710777],[173112,710634],[173067,710602],[173103,710777]]],[[[172763,710892],[172766,710842],[172732,710820],[172763,710892]]],[[[173244,710948],[173317,710927],[173295,710792],[173244,710948]]],[[[178328,711010],[178430,710885],[178197,710827],[178328,711010]]],[[[172951,711300],[173175,711178],[173023,710627],[172951,711300]]],[[[176877,711199],[176918,711249],[176929,711159],[176877,711199]]],[[[173472,711857],[173435,711484],[173249,711265],[173472,711857]]],[[[173235,711664],[173351,711761],[173225,711425],[173235,711664]]],[[[173591,711937],[173633,711789],[173494,711375],[173591,711937]]],[[[171107,711779],[171230,711674],[171176,711594],[171107,711779]]],[[[172716,712013],[172760,712041],[172747,711944],[172716,712013]]],[[[172033,712341],[172119,712303],[172018,712239],[172033,712341]]],[[[173423,712525],[173474,712439],[173440,712365],[173423,712525]]],[[[171441,712920],[171550,712640],[171271,712631],[171441,712920]]],[[[180149,712977],[180234,712916],[180108,712609],[180149,712977]]],[[[176332,712399],[175472,712733],[176586,714005],[176332,712399]]],[[[175704,713204],[175662,713196],[175662,713279],[175704,713204]]],[[[175909,713450],[175824,713382],[175876,713492],[175909,713450]]],[[[175916,713401],[175969,713486],[175924,713389],[175916,713401]]],[[[178026,715948],[178044,715889],[177881,715683],[178026,715948]]],[[[177274,716992],[177599,717092],[177507,716885],[177274,716992]]],[[[173827,717374],[174012,716822],[173342,716814],[173827,717374]]],[[[174919,715194],[175234,716867],[174000,717695],[176329,720306],[176727,719475],[177281,719768],[176709,718869],[177321,719089],[178687,720702],[177980,717942],[176624,717022],[177300,715547],[175767,713976],[174919,715194]]],[[[172952,719636],[173574,719945],[172818,718833],[172952,719636]]],[[[177574,719692],[177607,719678],[177544,719614],[177574,719692]]],[[[176843,719901],[176812,719823],[176768,719815],[176843,719901]]],[[[176945,719910],[176951,719855],[176855,719832],[176945,719910]]],[[[177055,719994],[177219,720082],[177115,719931],[177055,719994]]],[[[177820,720025],[177916,720207],[178029,720173],[177820,720025]]],[[[177829,720280],[177875,720287],[177847,720265],[177829,720280]]],[[[177907,720344],[178020,720389],[178001,720305],[177907,720344]]],[[[178219,720579],[178028,720252],[178031,720386],[178009,720544],[178219,720579]]],[[[178487,720576],[178384,720525],[178533,720691],[178487,720576]]],[[[178529,720990],[178221,720636],[178156,720763],[178529,720990]]],[[[178135,720844],[178233,720913],[178193,720836],[178135,720844]]],[[[177904,721083],[178209,721419],[178131,721069],[177904,721083]]],[[[176386,725303],[176464,725376],[176497,725207],[176386,725303]]],[[[179485,726685],[179536,726579],[179278,726455],[179485,726685]]],[[[177678,726917],[177818,727017],[177875,726725],[177678,726917]]],[[[184908,730893],[180777,725715],[180242,725485],[180672,726375],[180028,726798],[178513,726682],[178965,727840],[180255,729700],[182770,729900],[184300,731420],[184908,730893]]],[[[183973,729511],[184072,729550],[183905,729359],[183973,729511]]],[[[181853,730522],[181944,730257],[181699,730214],[181853,730522]]],[[[182563,730422],[182654,730411],[182476,730362],[182563,730422]]],[[[181925,730372],[182087,730519],[182084,730472],[181925,730372]]],[[[175177,731938],[175198,731845],[175160,731807],[175177,731938]]],[[[175161,732026],[175205,732054],[175172,731981],[175161,732026]]],[[[178167,735522],[178200,735402],[177752,735049],[178167,735522]]],[[[183664,737186],[183605,737016],[183444,737011],[183664,737186]]],[[[183813,737268],[183914,737292],[183789,737123],[183813,737268]]],[[[182905,738117],[182929,737967],[182838,737935],[182905,738117]]],[[[183992,738437],[184148,738140],[183854,738026],[183603,738047],[183992,738437]]],[[[183322,738434],[183368,738242],[182968,738084],[183322,738434]]],[[[180101,739565],[179772,739241],[178784,738915],[180101,739565]]],[[[172344,740605],[172564,740754],[172583,740429],[172344,740605]]],[[[184241,739513],[178374,735687],[179844,737228],[180314,739850],[183378,741168],[186938,745071],[186838,746108],[187672,745104],[189423,746359],[184241,739513]]],[[[175571,760393],[175809,760701],[176058,760332],[175571,760393]]],[[[174621,761212],[174653,761205],[174637,761187],[174621,761212]]],[[[174600,761781],[174703,761730],[174648,761702],[174600,761781]]],[[[174039,761770],[174092,762075],[174216,762022],[174039,761770]]],[[[173734,762132],[173765,762085],[173695,762058],[173734,762132]]],[[[172021,779040],[172156,779086],[172247,778966],[172021,779040]]],[[[173106,779305],[173252,779347],[173282,779231],[173106,779305]]],[[[172066,779434],[172264,779333],[172066,779319],[172066,779434]]],[[[171889,779772],[172212,779839],[172352,779547],[172001,779487],[171889,779772]]],[[[170857,780058],[170924,780086],[170950,780022],[170857,780058]]],[[[174734,781286],[174732,781195],[174627,781176],[174734,781286]]],[[[172097,783671],[172185,783722],[172164,783661],[172097,783671]]],[[[172049,784042],[172076,784002],[172019,783999],[172049,784042]]],[[[172083,784061],[172129,784041],[172116,784019],[172083,784061]]],[[[171654,784170],[171748,784042],[171542,783975],[171654,784170]]],[[[172255,784386],[172293,784354],[172219,784318],[172255,784386]]],[[[179219,794320],[179337,794271],[179170,794178],[179219,794320]]],[[[171616,805751],[171670,805724],[171601,805593],[171616,805751]]],[[[183025,808292],[183135,808430],[183125,808290],[183025,808292]]],[[[181630,811295],[181773,811387],[181839,811214],[181630,811295]]],[[[180997,811633],[181363,811723],[181295,811472],[180997,811633]]],[[[171200,812289],[171403,812218],[171164,812145],[171200,812289]]],[[[170894,813000],[171336,812467],[170596,812240],[170894,813000]]],[[[177260,812740],[177308,812711],[177264,812669],[177260,812740]]],[[[176466,814532],[176551,814542],[176541,814448],[176466,814532]]],[[[176084,814630],[176277,814652],[176117,814423],[176084,814630]]],[[[176891,814672],[176914,814605],[176820,814577],[176891,814672]]],[[[176620,814751],[176751,814788],[176612,814523],[176620,814751]]],[[[184432,825489],[184647,824885],[184305,824830],[184168,825179],[184432,825489]]],[[[176557,826823],[176664,826815],[176605,826705],[176557,826823]]],[[[176273,826806],[176354,826831],[176357,826758],[176273,826806]]],[[[174518,827061],[174672,827259],[174648,826984],[174518,827061]]],[[[174822,827227],[174948,827304],[174911,827051],[174822,827227]]],[[[174839,828288],[175002,828158],[174773,827838],[174839,828288]]],[[[175180,829195],[175250,829434],[175350,829381],[175180,829195]]],[[[175185,829640],[175342,829535],[175198,829494],[175185,829640]]],[[[177774,832450],[177825,832444],[177815,832375],[177774,832450]]],[[[177509,832920],[177579,832937],[177506,832812],[177509,832920]]],[[[178148,833412],[178154,833363],[178110,833360],[178148,833412]]],[[[179487,834316],[179581,834374],[179550,834316],[179487,834316]]],[[[183279,834543],[183407,834628],[183375,834497],[183279,834543]]],[[[183615,834564],[183656,834598],[183656,834556],[183615,834564]]],[[[183174,834607],[183228,834625],[183189,834574],[183174,834607]]],[[[180362,834622],[180375,834641],[180410,834612],[180362,834622]]],[[[183664,834875],[183771,834819],[183610,834808],[183664,834875]]],[[[182585,835624],[182592,835571],[182513,835551],[182585,835624]]],[[[180910,837263],[180832,836920],[180717,837042],[180910,837263]]],[[[180839,837808],[180655,837325],[180522,837710],[180839,837808]]],[[[180888,854499],[181108,854387],[181123,854042],[180888,854499]]],[[[179470,854567],[179419,854693],[179508,854646],[179470,854567]]],[[[179310,855144],[179433,855010],[179386,854961],[179310,855144]]],[[[175547,858380],[175725,858516],[175698,858243],[175547,858380]]],[[[173133,866941],[173158,866916],[173108,866894],[173133,866941]]],[[[180181,873011],[180410,872948],[180308,872900],[180181,873011]]],[[[180136,873288],[180196,873335],[180160,873194],[180136,873288]]],[[[179736,873826],[179813,873887],[179803,873745],[179736,873826]]],[[[178083,873974],[178226,874080],[178127,873918],[178083,873974]]],[[[178323,874611],[179037,874593],[178620,874000],[178323,874611]]],[[[179247,875307],[179324,875351],[179294,875291],[179247,875307]]],[[[172530,877628],[172697,878305],[174528,878229],[173769,877106],[172530,877628]]],[[[181602,888991],[181659,888970],[181654,888935],[181602,888991]]],[[[183176,890049],[183247,889785],[183170,889728],[183176,890049]]],[[[174197,892183],[174295,892251],[174281,892180],[174197,892183]]],[[[181147,892448],[181208,892435],[181251,892379],[181147,892448]]],[[[181272,892382],[181316,892605],[181423,892387],[181272,892382]]],[[[180456,893099],[180547,893035],[180516,893010],[180456,893099]]],[[[179675,893388],[180190,893146],[179818,893126],[179675,893388]]],[[[181861,1031477],[181958,1031499],[181925,1031293],[181861,1031477]]],[[[179995,1032035],[180049,1032088],[180191,1031952],[179995,1032035]]],[[[180266,1031786],[181355,1032849],[181227,1033724],[181864,1032035],[180266,1031786]]],[[[201809,599205],[201623,600160],[202215,600215],[202636,599689],[201809,599205]]],[[[202586,619288],[202772,619258],[202743,618919],[202586,619288]]],[[[194737,620721],[194761,620740],[194789,620693],[194737,620721]]],[[[205597,631355],[206668,628547],[205839,629707],[205249,630129],[205597,631355]]],[[[188512,631709],[189560,633484],[186259,640534],[188538,647893],[190912,648981],[191744,650811],[193586,650334],[193128,651603],[193884,652254],[195668,652235],[201343,647351],[203074,639578],[200912,636766],[204099,635292],[205636,633091],[202630,630814],[205655,628320],[204585,626341],[205108,622176],[203216,620627],[201621,621149],[197868,620197],[194420,620980],[190649,624009],[189935,627737],[188209,628774],[188512,631709]],[[201278,636421],[201349,636447],[201240,636579],[201278,636421]]],[[[202737,659086],[202024,658193],[201483,659846],[201984,661376],[202737,659086]]],[[[204184,665765],[201706,666605],[199207,670333],[198706,672258],[201004,674966],[202592,674419],[205412,670951],[207551,669644],[207727,668836],[206597,667630],[208466,667118],[209000,664730],[210719,665286],[210702,661475],[211845,657040],[209854,655690],[211475,652679],[209832,651741],[208359,653097],[208031,655930],[206083,658188],[204372,657630],[204161,661781],[203414,660992],[203156,662189],[204184,665765]]],[[[194205,666625],[194283,666544],[194195,666445],[194205,666625]]],[[[192949,666580],[193119,666600],[193018,666483],[192949,666580]]],[[[191643,669343],[191698,669323],[191612,669213],[191643,669343]]],[[[187434,669974],[187457,669978],[187457,669965],[187434,669974]]],[[[187342,670060],[187353,670078],[187383,670059],[187372,670034],[187342,670060]]],[[[191273,670434],[191382,670490],[191329,670319],[191273,670434]]],[[[190940,671066],[190957,671033],[190915,671011],[190940,671066]]],[[[190502,671874],[190469,671797],[190440,671805],[190502,671874]]],[[[201799,675116],[201900,675089],[201886,674771],[201799,675116]]],[[[201551,675179],[201645,675273],[201581,675110],[201551,675179]]],[[[201850,675364],[201893,675400],[201867,675305],[201850,675364]]],[[[200554,675810],[200708,675651],[200614,675591],[200554,675810]]],[[[185229,681087],[185222,681029],[185172,681010],[185229,681087]]],[[[188836,683755],[188951,683876],[188775,683497],[188836,683755]]],[[[188457,684227],[188432,683926],[188084,683532],[188457,684227]]],[[[188967,683941],[189005,683969],[189001,683916],[188967,683941]]],[[[191119,685747],[191225,685804],[191146,685642],[191119,685747]]],[[[198431,694523],[198428,694413],[198346,694390],[198431,694523]]],[[[198519,694502],[198536,694736],[198610,694721],[198519,694502]]],[[[184523,723596],[184576,723592],[184575,723537],[184523,723596]]],[[[184691,731911],[184745,732052],[184796,731833],[184691,731911]]],[[[200745,732115],[200769,732068],[200493,731939],[200745,732115]]],[[[185309,732680],[185317,732644],[185277,732636],[185309,732680]]],[[[201629,733243],[201648,733191],[201533,733188],[201629,733243]]],[[[202994,733830],[203029,733840],[203000,733808],[202994,733830]]],[[[195312,734329],[195382,734222],[195246,734215],[195312,734329]]],[[[193092,734612],[193154,734684],[193135,734562],[193092,734612]]],[[[193329,734748],[193422,734812],[193359,734693],[193329,734748]]],[[[188692,734991],[188856,734800],[188637,734550],[188692,734991]]],[[[188960,735199],[188990,735163],[188969,735110],[188960,735199]]],[[[206356,736595],[206436,736575],[206399,736534],[206356,736595]]],[[[206305,736589],[206343,736615],[206297,736522],[206305,736589]]],[[[187219,739195],[187166,739029],[187057,739012],[187219,739195]]],[[[187334,742235],[187638,742429],[187180,741797],[187334,742235]]],[[[190975,743269],[190434,742374],[189807,742730],[189093,742275],[189704,743114],[190492,743552],[190975,743269]]],[[[189351,743402],[189326,743344],[189285,743340],[189351,743402]]],[[[186192,745517],[186428,745664],[186227,745328],[186192,745517]]],[[[188143,745681],[188156,745591],[188008,745555],[188143,745681]]],[[[188202,745821],[188004,745818],[188321,746165],[188202,745821]]],[[[188748,746261],[188396,745887],[188505,746080],[188748,746261]]],[[[189897,746330],[190018,746376],[189831,746137],[189897,746330]]],[[[187033,746311],[187030,746227],[186917,746205],[187033,746311]]],[[[190276,746984],[190230,746771],[189841,746623],[190276,746984]]],[[[192086,747333],[192086,747291],[192054,747291],[192086,747333]]],[[[189090,747458],[189094,747421],[188994,747323],[189090,747458]]],[[[189302,747507],[189338,747536],[189299,747459],[189302,747507]]],[[[189945,747758],[189953,747672],[189830,747583],[189945,747758]]],[[[188803,747823],[188822,747770],[188642,747677],[188803,747823]]],[[[191169,749439],[192544,749973],[192150,748960],[191439,748124],[191169,749439]]],[[[195084,753567],[195550,754314],[195446,753718],[195084,753567]]],[[[208283,759086],[208428,759209],[208413,759032],[208283,759086]]],[[[207029,759207],[206959,759107],[206955,759266],[207029,759207]]],[[[208597,759202],[208560,759191],[208591,759257],[208597,759202]]],[[[208712,759388],[208756,759361],[208702,759316],[208712,759388]]],[[[206000,760012],[206101,760044],[206071,759852],[206000,760012]]],[[[202276,768027],[202353,768011],[202314,767925],[202276,768027]]],[[[202269,768140],[202325,768154],[202325,768080],[202269,768140]]],[[[202690,768178],[202671,768356],[202722,768155],[202690,768178]]],[[[209664,775759],[209763,775743],[209738,775662],[209664,775759]]],[[[209265,776166],[209326,776254],[209336,776140],[209265,776166]]],[[[208922,776395],[208995,776375],[208978,776304],[208922,776395]]],[[[185331,795158],[185478,795249],[185434,795122],[185331,795158]]],[[[186374,806295],[186460,806314],[186374,806231],[186374,806295]]],[[[186374,806473],[186413,806442],[186336,806433],[186374,806473]]],[[[186393,806633],[186478,806628],[186468,806594],[186393,806633]]],[[[190948,807138],[191056,807076],[190900,807033],[190948,807138]]],[[[190655,838862],[190739,838814],[190536,838674],[190655,838862]]],[[[191108,839436],[191204,839477],[191166,839414],[191108,839436]]],[[[186243,887986],[186108,887010],[183757,889229],[184456,890056],[186243,887986]]],[[[193893,895168],[194398,895227],[194969,894117],[194487,892964],[193893,895168]]],[[[209890,898707],[209255,898728],[208380,899992],[210109,899938],[209890,898707]]],[[[201345,901615],[201398,901580],[201372,901572],[201345,901615]]],[[[200959,901695],[201075,901760],[201204,901569],[200959,901695]]],[[[201065,901855],[201249,901938],[201340,901676],[201065,901855]]],[[[195176,902034],[195605,902137],[195373,901843],[195176,902034]]],[[[196641,902158],[196668,902111],[196562,902063],[196641,902158]]],[[[193131,902153],[193198,902166],[193145,902106],[193131,902153]]],[[[195506,902232],[195540,902186],[195461,902158],[195506,902232]]],[[[191521,902310],[192529,903031],[193128,902172],[191853,901572],[191521,902310]],[[193040,902170],[193116,902186],[193054,902227],[193040,902170]]],[[[196714,902381],[196784,902402],[196721,902283],[196714,902381]]],[[[196778,902428],[196791,902466],[196829,902464],[196778,902428]]],[[[196229,902730],[196560,902339],[195828,902241],[196229,902730]]],[[[196801,902561],[196840,902574],[196812,902517],[196801,902561]]],[[[196953,903586],[197764,903735],[197079,903052],[196953,903586]]],[[[203870,903615],[203918,903603],[203917,903551],[203870,903615]]],[[[196078,903937],[196169,903952],[196046,903825],[196078,903937]]],[[[196057,903996],[195991,903852],[195976,903944],[196057,903996]]],[[[192496,904694],[192526,904647],[192464,904659],[192496,904694]]],[[[202553,905173],[202702,904431],[201883,904062],[202108,905333],[202553,905173]]],[[[192816,905349],[192738,905003],[192516,904704],[192816,905349]]],[[[196567,905577],[196572,905534],[196454,905442],[196567,905577]]],[[[201993,905643],[202152,905805],[202380,905369],[201993,905643]]],[[[195446,905693],[195446,905644],[195348,905573],[195446,905693]]],[[[197438,905808],[197415,905751],[197324,905714],[197438,905808]]],[[[199976,907258],[200032,907232],[200009,907171],[199976,907258]]],[[[199593,907265],[199649,907390],[199720,907329],[199593,907265]]],[[[196548,908167],[197202,907403],[196387,906834],[195800,907787],[196548,908167]]],[[[199024,907366],[200223,906972],[199342,906270],[197922,906926],[198762,908939],[199526,908048],[199024,907366]]],[[[197044,907631],[197363,908311],[197436,907267],[197044,907631]]],[[[196885,907915],[196918,907961],[196924,907900],[196885,907915]]],[[[197464,908047],[197527,908055],[197473,907998],[197464,908047]]],[[[196923,908177],[196956,908173],[196904,908163],[196923,908177]]],[[[196791,908244],[196791,908257],[196819,908243],[196791,908244]]],[[[197770,908383],[197841,908206],[197724,908121],[197770,908383]]],[[[198352,908444],[198390,908428],[198387,908378],[198352,908444]]],[[[198083,908444],[198192,908595],[198253,908289],[198083,908444]]],[[[197533,908602],[197635,908520],[197526,908328],[197533,908602]]],[[[197786,908554],[197846,908577],[197798,908501],[197786,908554]]],[[[196904,908667],[196995,908617],[196862,908506],[196904,908667]]],[[[196343,908640],[196371,908632],[196352,908594],[196343,908640]]],[[[196482,908413],[196486,908842],[196662,908866],[196482,908413]]],[[[198262,908637],[198278,908685],[198288,908611],[198262,908637]]],[[[197827,908665],[197866,908727],[197890,908640],[197827,908665]]],[[[197679,908888],[197779,908827],[197682,908601],[197679,908888]]],[[[197966,908790],[198013,908824],[198005,908756],[197966,908790]]],[[[196535,909007],[196577,909021],[196559,908994],[196535,909007]]],[[[196664,909169],[196686,909139],[196655,909120],[196664,909169]]],[[[195591,909332],[195635,909347],[195631,909207],[195591,909332]]],[[[196770,909377],[196794,909373],[196799,909321],[196770,909377]]],[[[196243,909477],[196250,909515],[196278,909473],[196243,909477]]],[[[195233,909960],[195544,909677],[195024,909240],[195233,909960]]],[[[195024,909882],[195007,909821],[194987,909880],[195024,909882]]],[[[198042,911607],[197524,910606],[196403,911211],[196889,912004],[198042,911607]]],[[[195800,911248],[195488,911694],[196111,911857],[196060,911797],[195800,911248]]],[[[196111,911828],[196118,911801],[196077,911793],[196111,911828]]],[[[197173,912068],[197194,912207],[197266,911997],[197173,912068]]],[[[195863,912158],[195867,912112],[195821,912064],[195863,912158]]],[[[203910,914744],[204040,914789],[203991,914621],[203910,914744]]],[[[205604,915042],[205660,915253],[205771,915030],[205604,915042]]],[[[196598,915470],[196648,915459],[196588,915369],[196598,915470]]],[[[206490,915698],[206555,915626],[206492,915619],[206490,915698]]],[[[206206,916076],[206269,916115],[206238,916035],[206206,916076]]],[[[206182,916161],[206187,916216],[206230,916138],[206182,916161]]],[[[196545,916294],[196601,916354],[196586,916292],[196545,916294]]],[[[206994,917399],[207323,917240],[206991,917020],[206994,917399]]],[[[205259,917355],[205659,917588],[206057,917138],[205259,917355]]],[[[205366,917551],[205405,917547],[205356,917506],[205366,917551]]],[[[206446,917730],[206590,917586],[206366,917471],[206446,917730]]],[[[207278,917624],[207340,917666],[207311,917610],[207278,917624]]],[[[197662,918087],[197683,918111],[197676,918059],[197662,918087]]],[[[205101,918129],[205186,918324],[205361,918105],[205101,918129]]],[[[206294,919664],[206337,919699],[206352,919669],[206294,919664]]],[[[202915,920591],[203286,920503],[202891,920411],[202915,920591]]],[[[207176,921254],[207194,921316],[207250,921244],[207176,921254]]],[[[208192,921325],[208233,921318],[208219,921288],[208192,921325]]],[[[207138,921353],[207161,921331],[207096,921324],[207138,921353]]],[[[207380,921387],[207397,921370],[207351,921337],[207380,921387]]],[[[206733,921504],[206773,921514],[206825,921462],[206733,921504]]],[[[205261,921913],[205306,921931],[205318,921897],[205261,921913]]],[[[207446,921988],[207494,922005],[207495,921942],[207446,921988]]],[[[204043,921896],[204816,922168],[205260,921974],[205121,921826],[204043,921896]]],[[[205405,922036],[205495,922107],[205469,922028],[205405,922036]]],[[[205241,922124],[205297,922150],[205369,922041],[205241,922124]]],[[[204664,922217],[204807,922272],[204778,922156],[204664,922217]]],[[[205730,922292],[205772,922279],[205682,922243],[205730,922292]]],[[[206797,922589],[206804,922567],[206761,922555],[206797,922589]]],[[[205291,923985],[205297,924018],[205372,924021],[205291,923985]]],[[[205987,924135],[206045,924157],[206038,924120],[205987,924135]]],[[[203490,927693],[203504,927644],[203484,927599],[203490,927693]]],[[[203513,927711],[203526,927676],[203510,927622],[203513,927711]]],[[[205995,931350],[206079,931399],[206014,931236],[205995,931350]]],[[[206242,931527],[206256,931561],[206261,931525],[206242,931527]]],[[[205656,931751],[205721,931706],[205680,931660],[205656,931751]]],[[[206635,932035],[206628,931984],[206587,931974],[206635,932035]]],[[[205400,932274],[205420,932250],[205399,932249],[205400,932274]]],[[[200202,932634],[200200,932669],[200218,932629],[200202,932634]]],[[[200250,932687],[200264,932736],[200281,932682],[200250,932687]]],[[[200277,933053],[200317,933069],[200274,932932],[200277,933053]]],[[[209877,933622],[209864,933587],[209836,933643],[209877,933622]]],[[[206836,933700],[206919,933753],[206874,933662],[206836,933700]]],[[[200736,933891],[200779,933901],[200763,933874],[200736,933891]]],[[[207886,933856],[207934,933932],[207948,933870],[207886,933856]]],[[[200668,933928],[200705,933909],[200649,933869],[200668,933928]]],[[[206557,933959],[206814,934113],[206809,933721],[206557,933959]]],[[[208032,933976],[208075,933944],[207980,933918],[208032,933976]]],[[[203971,933976],[203998,933988],[203983,933970],[203971,933976]]],[[[203587,934061],[203675,934087],[203669,934049],[203587,934061]]],[[[209892,934088],[209973,934126],[209920,934019],[209892,934088]]],[[[204104,934046],[204161,934113],[204170,934089],[204119,934040],[204104,934046]]],[[[203130,934338],[203127,934315],[203117,934304],[203130,934338]]],[[[209887,934472],[209907,934499],[210010,934504],[209942,934423],[209887,934472]]],[[[207653,934588],[208771,935579],[208963,934772],[209091,935011],[209952,934774],[209842,934370],[209848,933658],[207653,934588]],[[209710,934684],[209708,934788],[209632,934790],[209710,934684]],[[209777,934717],[209835,934731],[209804,934791],[209777,934717]]],[[[201430,934791],[201426,934835],[201449,934788],[201430,934791]]],[[[209930,934975],[209783,934903],[209887,935105],[209930,934975]]],[[[201557,935097],[201588,935075],[201491,935072],[201557,935097]]],[[[201623,935273],[201675,935305],[201676,935268],[201623,935273]]],[[[202241,935320],[202245,935306],[202216,935306],[202241,935320]]],[[[202192,935356],[202210,935376],[202203,935345],[202192,935356]]],[[[208392,935632],[208490,935646],[208363,935556],[208392,935632]]],[[[208597,935752],[208599,935721],[208542,935708],[208597,935752]]],[[[219342,605149],[219415,605015],[218985,604750],[219342,605149]]],[[[214509,650263],[213691,651194],[213694,651579],[215617,652987],[215075,650762],[214509,650263]]],[[[216413,654384],[216554,654492],[216554,654381],[216413,654384]]],[[[216480,654683],[216563,654607],[216434,654569],[216480,654683]]],[[[218394,659103],[217996,654871],[217194,654003],[217232,655026],[216200,654891],[215079,653899],[216395,658458],[218394,659103]]],[[[218008,710936],[218053,710936],[218009,710897],[218008,710936]]],[[[215964,761960],[215992,761932],[215954,761905],[215964,761960]]],[[[211156,775162],[211187,775115],[211141,775048],[211156,775162]]],[[[211319,775197],[211356,775112],[211231,775040],[211319,775197]]],[[[211557,775300],[211600,775365],[211780,775491],[211850,775482],[211557,775300]]],[[[211213,775598],[211207,775495],[211043,775429],[211213,775598]]],[[[211949,900458],[211970,900557],[212005,900430],[211949,900458]]],[[[213629,933380],[213615,933438],[213692,933481],[213629,933380]]],[[[212257,933611],[212397,933508],[212212,933426],[212257,933611]]],[[[213565,933693],[213642,933600],[213580,933601],[213565,933693]]],[[[212293,933677],[212410,933721],[212414,933603],[212293,933677]]],[[[211921,933846],[212166,933660],[212064,933640],[211921,933846]]],[[[212016,933864],[212219,933886],[212197,933767],[212016,933864]]],[[[216835,933962],[216844,933929],[216760,933918],[216835,933962]]],[[[210709,934119],[210834,934136],[210860,934007],[210709,934119]]],[[[212745,934120],[212880,934158],[212862,934093],[212745,934120]]],[[[211837,934100],[211977,934170],[211923,934081],[211837,934100]]],[[[210076,934185],[210264,934225],[210184,934088],[210076,934185]]],[[[210526,934196],[210686,934276],[210530,934076],[210526,934196]]],[[[211485,934201],[211548,934221],[211509,934180],[211485,934201]]],[[[215369,934330],[215422,934336],[215408,934300],[215369,934330]]],[[[211232,934354],[211271,934305],[211208,934300],[211232,934354]]],[[[211001,934302],[210973,934377],[211058,934319],[211001,934302]]],[[[210623,934475],[210702,934489],[210689,934418],[210623,934475]]],[[[210450,934418],[210563,934529],[210618,934400],[210450,934418]]],[[[211120,934540],[211226,934606],[211217,934534],[211120,934540]]],[[[216082,934556],[216075,934631],[216163,934525],[216082,934556]]],[[[209997,934867],[209912,934844],[209958,934906],[209997,934867]]],[[[216441,935264],[216703,935225],[216606,934985],[216441,935264]]],[[[217661,936331],[217734,936331],[217683,936270],[217661,936331]]],[[[215810,936476],[215836,936443],[215738,936369],[215810,936476]]],[[[215901,936656],[216000,936540],[215971,936418],[215901,936656]]],[[[215728,936450],[215018,937120],[215283,937399],[215782,936950],[215728,936450]],[[215286,936988],[215279,937024],[215237,937003],[215286,936988]]],[[[216046,937019],[216480,937544],[217017,936856],[216307,936416],[216046,937019]]],[[[213404,937069],[213423,937066],[213414,937026],[213404,937069]]],[[[213422,937189],[213470,937136],[213417,937089],[213422,937189]]],[[[212343,937419],[212800,937677],[212600,937394],[212343,937419]]],[[[212413,937604],[212534,937686],[212561,937659],[212413,937604]]],[[[212290,937794],[212332,937820],[212321,937775],[212290,937794]]],[[[212087,938036],[212346,937909],[211908,937615],[212087,938036]]],[[[211890,937987],[211909,937987],[211908,937960],[211890,937987]]],[[[213779,938723],[213916,938658],[213724,938612],[213779,938723]]],[[[213505,939139],[213560,939161],[213575,939127],[213505,939139]]],[[[213300,939186],[213354,939198],[213301,939120],[213300,939186]]],[[[213449,939249],[213482,939234],[213425,939215],[213449,939249]]],[[[214035,939248],[214044,939225],[214022,939222],[214035,939248]]],[[[213341,939314],[213400,939332],[213371,939299],[213341,939314]]],[[[213754,939352],[213775,939316],[213726,939301],[213754,939352]]],[[[213460,939352],[213527,939386],[213518,939303],[213460,939352]]],[[[213756,939407],[213797,939431],[213837,939396],[213756,939407]]],[[[214183,939662],[214436,939380],[214215,939186],[214183,939662]]],[[[214694,939549],[214716,939591],[214721,939520],[214694,939549]]],[[[213020,939674],[213315,939805],[213107,939522],[213020,939674]]],[[[214506,939721],[214587,939614],[214521,939607],[214506,939721]]],[[[213223,939792],[213274,939795],[213217,939773],[213223,939792]]],[[[213647,939773],[213824,939841],[213694,939748],[213647,939773]]],[[[214432,939840],[214491,939776],[214431,939759],[214432,939840]]],[[[213317,939825],[213177,939821],[213270,939853],[213317,939825]]],[[[214302,939965],[214035,939805],[213995,939999],[214302,939965]]],[[[215330,939941],[215363,939914],[215240,939884],[215330,939941]]],[[[215141,940186],[214903,939784],[214548,939768],[215141,940186]]],[[[215373,940170],[215556,940083],[215454,940003],[215373,940170]]],[[[215679,940176],[215718,940165],[215629,940121],[215679,940176]]],[[[215556,940307],[215535,940240],[215476,940239],[215556,940307]]],[[[214418,940472],[214621,940506],[214445,940192],[214418,940472]]],[[[213554,940432],[213599,940423],[213596,940374],[213554,940432]]],[[[215617,940422],[215697,940458],[215714,940403],[215617,940422]]],[[[215470,940499],[215501,940464],[215455,940447],[215470,940499]]],[[[213301,940433],[213343,940549],[213379,940447],[213301,940433]]],[[[214256,940766],[214444,940684],[214416,940495],[214256,940766]]],[[[215623,940602],[215801,940803],[215774,940592],[215623,940602]]],[[[213633,940837],[213768,940761],[213526,940626],[213633,940837]]],[[[214594,940804],[214726,940819],[214687,940673],[214594,940804]]],[[[214355,940838],[214387,940878],[214467,940826],[214355,940838]]],[[[216103,940849],[216123,940886],[216136,940848],[216103,940849]]],[[[216196,940954],[216203,940910],[216167,940910],[216196,940954]]],[[[215932,941365],[215991,941311],[215968,941282],[215932,941365]]],[[[215972,941530],[216072,941491],[216043,941400],[215972,941530]]],[[[216275,941604],[216311,941620],[216312,941596],[216275,941604]]],[[[216056,941652],[216097,941650],[216101,941609],[216056,941652]]],[[[214162,943703],[214186,943688],[214134,943661],[214162,943703]]],[[[213684,943914],[213716,943900],[213664,943867],[213684,943914]]],[[[213570,943900],[213589,943905],[213608,943879],[213570,943900]]],[[[213616,943925],[213626,943946],[213634,943914],[213616,943925]]],[[[213811,944122],[213844,944155],[213884,944106],[213811,944122]]],[[[214081,944205],[214088,944173],[214035,944136],[214081,944205]]],[[[213951,944183],[213984,944229],[213969,944172],[213951,944183]]],[[[213770,944211],[213791,944220],[213800,944197],[213770,944211]]],[[[214030,944396],[214063,944367],[214021,944295],[214030,944396]]],[[[213568,944734],[213593,944757],[213580,944719],[213568,944734]]],[[[215106,944869],[215152,944864],[215119,944851],[215106,944869]]],[[[213730,945058],[213832,944977],[213696,944805],[213730,945058]]],[[[214871,945301],[214908,945316],[214899,945292],[214871,945301]]],[[[213973,946885],[213883,946773],[213839,946800],[213973,946885]]],[[[214910,947824],[214876,947741],[214851,947748],[214910,947824]]],[[[215090,948088],[215127,948080],[215090,948046],[215090,948088]]],[[[215041,948063],[215096,948102],[215067,948060],[215041,948063]]],[[[214613,947225],[212438,947625],[213034,948834],[213488,948650],[214231,948959],[214956,948151],[214613,947225]]],[[[215773,948209],[215876,948223],[215780,948124],[215773,948209]]],[[[215865,948255],[215890,948308],[215933,948297],[215865,948255]]],[[[215916,948420],[215976,948388],[215932,948384],[215916,948420]]],[[[216180,948498],[216191,948527],[216232,948467],[216180,948498]]],[[[215353,948595],[215383,948563],[215317,948560],[215353,948595]]],[[[216068,948681],[216121,948694],[216105,948655],[216068,948681]]],[[[216220,948702],[216167,948688],[216178,948713],[216220,948702]]],[[[215644,948754],[215663,948778],[215678,948734],[215644,948754]]],[[[215125,948800],[215137,948828],[215180,948788],[215125,948800]]],[[[213165,948838],[213207,948880],[213210,948785],[213165,948838]]],[[[215306,948913],[215581,948814],[215199,948799],[215306,948913]]],[[[215949,948935],[216076,948899],[215994,948845],[215949,948935]]],[[[215914,949008],[215974,949019],[215967,948968],[215914,949008]]],[[[216020,949028],[216050,949035],[216094,949000],[216020,949028]]],[[[215357,949072],[215432,949042],[215352,949003],[215357,949072]]],[[[215455,949067],[215468,949093],[215493,949036],[215455,949067]]],[[[215850,949090],[215872,949115],[215905,949074],[215850,949090]]],[[[215576,949122],[215645,949100],[215630,949069],[215576,949122]]],[[[215809,949130],[215858,949140],[215862,949111],[215809,949130]]],[[[215359,949142],[215367,949163],[215419,949090],[215359,949142]]],[[[215621,949185],[215702,949159],[215664,949110],[215621,949185]]],[[[215472,949237],[215583,949156],[215548,949136],[215472,949237]]],[[[215282,949218],[215367,949200],[215342,949169],[215282,949218]]],[[[215513,949270],[215640,949249],[215598,949184],[215513,949270]]],[[[215725,949228],[215734,949256],[215784,949222],[215725,949228]]],[[[219464,949298],[219500,949317],[219582,949234],[219464,949298]]],[[[215623,949322],[215597,949376],[215694,949292],[215623,949322]]],[[[219466,949494],[219527,949407],[219465,949357],[219466,949494]]],[[[219320,949499],[219391,949507],[219327,949432],[219320,949499]]],[[[219876,949675],[219708,949382],[219467,949797],[218971,949763],[219444,949896],[219876,949675]]],[[[218298,950290],[218563,950572],[218879,950341],[218671,950115],[218298,950290]]],[[[218264,950509],[218284,950455],[218149,950394],[218264,950509]]],[[[218281,950728],[218155,950761],[218275,950797],[218281,950728]]],[[[217411,950813],[217493,950805],[217449,950744],[217411,950813]]],[[[217864,950849],[217923,950800],[217787,950733],[217864,950849]]],[[[217568,951183],[217610,951183],[217579,951120],[217568,951183]]],[[[217401,951284],[217463,951325],[217474,951077],[217401,951284]]],[[[216956,951325],[217013,951307],[217004,951288],[216956,951325]]],[[[216971,951344],[217035,951392],[217027,951309],[216971,951344]]],[[[216863,951545],[216898,951489],[216805,951476],[216863,951545]]],[[[218189,951610],[218219,951647],[218233,951589],[218189,951610]]],[[[217928,951760],[217994,951787],[217977,951741],[217928,951760]]],[[[218651,951777],[218934,951864],[218928,951751],[218651,951777]]],[[[218033,951918],[218144,951864],[218037,951697],[218033,951918]]],[[[218357,951882],[218268,951882],[218302,951921],[218357,951882]]],[[[218730,951942],[218744,951903],[218697,951925],[218730,951942]]],[[[218909,951995],[218898,951936],[218787,951902],[218909,951995]]],[[[218669,951909],[218475,951970],[218699,952012],[218669,951909]]],[[[218008,951998],[218078,952022],[218085,951958],[218008,951998]]],[[[219512,952241],[219502,952166],[219452,952152],[219512,952241]]],[[[218382,952472],[218478,952453],[218416,952408],[218382,952472]]],[[[218029,952916],[218126,952945],[218103,952899],[218029,952916]]],[[[218173,952966],[218236,952946],[218162,952904],[218173,952966]]],[[[218165,953123],[218166,953056],[218123,953055],[218165,953123]]],[[[218059,953136],[218114,953166],[218067,953105],[218059,953136]]],[[[217971,953419],[218059,953260],[217878,953040],[217971,953419]]],[[[217340,953333],[217386,953342],[217338,953291],[217340,953333]]],[[[217682,953408],[217752,953421],[217671,953302],[217682,953408]]],[[[217951,953492],[218007,953507],[218004,953480],[217951,953492]]],[[[218357,953601],[218373,953576],[218279,953498],[218357,953601]]],[[[218170,953686],[218234,953738],[218222,953672],[218170,953686]]],[[[217972,953898],[218038,953909],[218032,953880],[217972,953898]]],[[[216662,953879],[216602,953880],[216682,953949],[216662,953879]]],[[[216785,953960],[216919,953995],[216750,953864],[216785,953960]]],[[[218040,954101],[218086,954074],[218026,954027],[218040,954101]]],[[[218686,954076],[218721,954106],[218716,954065],[218686,954076]]],[[[216991,954123],[217067,954124],[217035,954095],[216991,954123]]],[[[218285,954162],[218280,954134],[218240,954132],[218285,954162]]],[[[219136,954244],[219149,954265],[219196,954238],[219136,954244]]],[[[216909,954410],[217041,954432],[216992,954379],[216909,954410]]],[[[218491,954458],[218503,954433],[218435,954387],[218491,954458]]],[[[218386,954437],[218408,954458],[218443,954432],[218386,954437]]],[[[217063,954456],[217097,954517],[217124,954418],[217063,954456]]],[[[217288,954619],[217362,954579],[217292,954569],[217288,954619]]],[[[217882,954725],[217908,954684],[217882,954657],[217882,954725]]],[[[219118,958335],[219147,958296],[219080,958274],[219118,958335]]],[[[217020,958501],[217385,958603],[217189,958072],[217020,958501]]],[[[216934,958421],[217005,958373],[217019,958256],[216934,958421]]],[[[219177,958305],[219437,958494],[219327,958298],[219177,958305]]],[[[218060,958867],[218368,958538],[217375,958157],[218060,958867]]],[[[219457,958600],[219524,958625],[219462,958540],[219457,958600]]],[[[217862,958776],[217875,958798],[217900,958718],[217862,958776]]],[[[218339,958900],[218338,958864],[218315,958858],[218339,958900]]],[[[218287,958933],[218310,958913],[218305,958879],[218287,958933]]],[[[218405,959067],[218401,959018],[218365,959014],[218405,959067]]],[[[217101,959132],[217130,959092],[217003,959082],[217101,959132]]],[[[217094,959157],[217154,959210],[217123,959139],[217094,959157]]],[[[217772,959761],[217693,959604],[217614,959567],[217772,959761]]],[[[217776,959646],[217795,959714],[217825,959632],[217776,959646]]],[[[217880,960386],[217930,960426],[217895,960363],[217880,960386]]],[[[217952,960484],[217975,960489],[217956,960463],[217952,960484]]],[[[218747,963624],[218818,963671],[218805,963548],[218747,963624]]],[[[219342,964297],[219291,964278],[219327,964353],[219342,964297]]],[[[218654,966039],[218533,966220],[218642,966321],[218654,966039]]],[[[265937,543517],[266116,543364],[265886,542967],[265937,543517]]],[[[257608,548227],[257987,548574],[257892,547949],[257608,548227]]],[[[256892,549251],[257292,549751],[257122,548996],[256892,549251]]],[[[256171,549720],[256229,549815],[256287,549654],[256171,549720]]],[[[256024,550090],[256220,550278],[256116,549978],[256024,550090]]],[[[283806,550508],[284018,550123],[283820,549898],[283806,550508]]],[[[284326,553389],[284557,553138],[284429,552967],[284326,553389]]],[[[219781,603208],[219859,603166],[219811,603117],[219781,603208]]],[[[227368,629265],[227539,629426],[227555,629128],[227368,629265]]],[[[230825,639039],[229862,639971],[230090,640454],[231215,639911],[230917,639381],[231176,638520],[230848,638326],[230825,639039]]],[[[220989,643050],[221336,642791],[221305,642547],[220989,643050]]],[[[287281,692227],[287303,691580],[286787,691431],[286980,692145],[287281,692227]]],[[[286113,692258],[286411,692386],[286169,692211],[286113,692258]]],[[[286389,692648],[286430,692561],[286435,692429],[286389,692648]]],[[[286265,692751],[286367,692658],[286130,692345],[286265,692751]]],[[[312665,721718],[312554,721568],[312011,721650],[312200,723248],[312459,722107],[312665,721718]]],[[[336709,962700],[336698,962518],[334530,960468],[333942,957555],[333025,958971],[335254,954712],[338846,955043],[338837,951992],[338125,950863],[334557,951702],[336943,950802],[337648,949421],[336330,947532],[335291,943061],[331104,939200],[329212,936348],[327440,935573],[326746,935067],[324663,934685],[324463,935004],[324031,934141],[319065,932135],[317042,929395],[316267,929545],[311376,921327],[303010,915071],[302384,915772],[302815,915104],[297133,910124],[293625,908975],[291857,907000],[290904,903417],[288277,901439],[282777,899533],[281448,895690],[279902,895705],[280964,896928],[281223,897804],[278932,896811],[278513,897999],[276877,897675],[277596,896038],[279677,894876],[281377,895002],[281105,895442],[281564,894759],[282030,892149],[280752,890813],[280749,887315],[279272,888272],[277130,888296],[274761,886289],[274228,887108],[272695,887112],[273448,887521],[273437,888744],[271792,887589],[271071,888608],[267597,889477],[265264,888901],[265349,888023],[264174,888145],[261108,891088],[260115,893308],[258147,894241],[257456,896994],[257096,896697],[256825,897395],[255528,897944],[254847,898699],[254070,899037],[250238,899218],[249686,899920],[247559,901202],[246017,901303],[250318,899040],[254102,898910],[255440,897884],[256619,897354],[258074,893686],[260741,891896],[260249,890109],[263627,888136],[263780,887026],[270105,887969],[271613,884737],[274403,884228],[273205,885923],[274646,884695],[274807,885451],[274936,884791],[275473,885012],[275264,884592],[276594,884060],[277711,882912],[278381,882431],[279051,882103],[278397,882474],[283376,885662],[285602,884457],[285011,884720],[284932,884654],[284930,884412],[286528,884278],[286151,884780],[287636,883272],[286852,884011],[284695,882804],[284399,882103],[284340,882271],[283712,882492],[284134,882015],[284309,881950],[284817,882082],[284908,882463],[286028,882461],[286700,883056],[289851,883257],[291534,884337],[292524,887079],[294973,887760],[293619,884402],[286052,875265],[282356,868889],[278643,869102],[280533,872865],[280477,874287],[278023,872921],[276650,873281],[270850,868211],[268514,869125],[266594,868669],[266643,867772],[263613,868014],[262839,866526],[264104,866150],[260940,864943],[258787,862026],[255953,860089],[255450,859194],[255982,858839],[256174,858452],[255679,858976],[254939,859093],[256238,858411],[253892,855619],[266826,866584],[270952,867175],[270907,865067],[275612,865766],[278631,867825],[280928,867309],[280651,866021],[274501,859443],[273789,857531],[275033,855704],[272095,856176],[270028,854989],[269129,852725],[265316,853266],[268751,852028],[266202,847823],[261640,848157],[257794,849398],[254138,847814],[253977,846470],[252951,846580],[253161,845800],[251656,845309],[251759,844519],[251709,845267],[253255,845740],[253121,846356],[254087,846205],[255476,847860],[257483,845726],[262941,845762],[266010,847242],[265888,846740],[266425,844294],[266188,847258],[267714,847129],[268994,845845],[271363,847758],[271478,849620],[273543,849291],[274231,851387],[278006,854066],[277664,855928],[275975,856714],[277071,857522],[279569,857649],[279820,858577],[282271,856801],[283187,857079],[280065,858768],[284703,856730],[288875,857278],[288558,856348],[288917,857339],[292578,859188],[293714,860761],[290812,858804],[291720,860045],[296638,862967],[296915,863025],[297325,862924],[295370,861298],[299284,864359],[297322,863721],[297763,864074],[302014,864888],[303448,863974],[303155,862798],[302140,862749],[301809,862291],[302761,862210],[302340,861475],[303307,862095],[305027,861158],[305756,861825],[305444,863000],[303190,864817],[307655,864591],[309731,865287],[311067,867046],[310850,869252],[313073,869144],[320386,871368],[323889,871269],[323845,870189],[325241,869102],[323882,870659],[326756,868641],[334113,865770],[334159,864834],[334932,865101],[334480,865627],[338810,864213],[344510,866718],[345126,867892],[349359,868849],[349639,867945],[350335,867444],[352875,868144],[353725,867222],[354881,867427],[354891,867131],[354993,866981],[355454,867040],[355945,866024],[357521,867211],[359336,866091],[360303,866948],[362038,865775],[365277,865446],[365860,866018],[367073,864669],[369025,864641],[369445,863386],[368588,862547],[369393,863131],[370424,864917],[373426,864418],[374584,865008],[376446,864339],[378502,865190],[379541,864501],[380720,865348],[380592,866325],[382362,867416],[384395,865527],[387475,865542],[388652,864622],[393061,867930],[397594,866879],[399962,867645],[400397,866890],[400012,867358],[400017,866212],[400361,865699],[404869,865005],[406622,860490],[406865,860959],[410648,858030],[410492,853103],[411820,851829],[412244,847481],[411286,848098],[411392,847562],[414056,846325],[413765,845245],[413376,845605],[413852,846162],[413555,846372],[412475,844967],[413133,844578],[413559,845168],[413074,844289],[412325,843844],[413570,842742],[413244,841252],[412037,840394],[412248,839671],[410930,838350],[411188,837482],[410829,837316],[410395,836860],[410459,836280],[410299,836216],[409970,835986],[409996,835648],[409169,836221],[408544,835305],[408627,833313],[408392,833110],[405503,830606],[400821,824386],[400153,827596],[400666,828719],[399063,830084],[396928,830341],[399018,829938],[400386,828483],[399231,827163],[400180,826778],[399929,825083],[400422,825455],[400695,823825],[397453,816949],[395454,809643],[394071,809709],[393613,809646],[395348,809391],[395655,806099],[396406,806093],[395713,805661],[394425,806114],[395534,805601],[394665,805514],[394310,805199],[394158,804316],[393176,804173],[392803,803392],[394302,804323],[394543,805331],[395792,805433],[396735,806003],[397156,804157],[397084,804123],[396905,803808],[396134,801829],[395661,801431],[394267,798103],[394515,797446],[390305,791893],[389319,787607],[387382,786290],[388477,784406],[387901,784159],[388135,779743],[385880,774621],[384101,772594],[383350,772712],[383179,770940],[380788,767822],[372889,762320],[374138,762651],[372258,756948],[370957,757368],[370836,759039],[368525,759210],[367723,757661],[367655,758345],[367116,758769],[367307,757964],[366758,758443],[366015,758404],[368494,756435],[370691,756546],[370951,757154],[373374,756752],[372715,754343],[370477,753434],[368741,751183],[369379,748746],[370474,748648],[370631,747830],[368098,743376],[367075,742802],[367063,741784],[362044,739383],[360974,737422],[356013,733928],[354855,730476],[350656,732296],[346477,730373],[344072,731026],[339163,729235],[336109,729241],[335270,730078],[330621,727113],[324190,720226],[319591,719156],[317379,721170],[315783,721917],[314625,722330],[312859,721688],[311798,725219],[310424,726539],[311872,724641],[311948,721590],[312288,721426],[313033,721577],[314726,722167],[319680,718682],[317594,718607],[317321,717101],[316985,718558],[316522,718303],[315626,718698],[314818,718325],[314442,718578],[313512,718361],[312298,719601],[312074,718864],[311835,719384],[310778,719259],[312084,718817],[312289,719549],[313538,718309],[316560,718218],[316977,718474],[317330,717000],[317680,718507],[319104,718000],[324319,718758],[335955,725313],[339027,725830],[343312,729205],[345656,729268],[347374,727719],[350376,728181],[349191,721155],[347387,719958],[345569,719893],[345179,719629],[345062,718662],[343770,718330],[342846,716923],[345262,718755],[345254,719192],[346715,719427],[348262,718164],[349395,719722],[350267,717198],[351907,716615],[352029,715868],[359251,714189],[361080,711339],[363848,709783],[363219,708597],[356960,703195],[356437,703568],[356194,702769],[351604,701196],[349629,699255],[349273,699974],[348047,699294],[346137,699721],[345193,701591],[341588,702725],[338270,700422],[337355,700706],[338243,700223],[337527,698972],[337726,699672],[334057,696693],[332722,694641],[328632,692283],[326973,686151],[324337,686336],[323113,685226],[321184,685876],[320147,684908],[319445,685212],[317704,683088],[316954,683769],[315517,682295],[313135,682685],[312666,682137],[313579,681935],[313365,680095],[310100,682275],[310156,681494],[309599,681685],[308908,682893],[305298,684251],[303724,684066],[302174,686116],[301104,686361],[300840,684813],[299967,684835],[299356,685971],[295141,685162],[291958,688833],[289574,690303],[290216,690984],[289617,690422],[287345,692471],[286272,691571],[286526,692658],[284957,693615],[285396,694001],[284618,693449],[284016,692130],[283776,692445],[284273,692848],[284225,693380],[282997,694570],[282518,694695],[281796,693722],[281920,694219],[281665,694471],[281486,693827],[281718,693627],[282767,694541],[283201,693809],[282617,693482],[282662,693000],[284000,693521],[283622,692331],[284075,691907],[284782,693294],[285680,693041],[285292,691457],[286871,691001],[287958,691912],[289985,688503],[292163,687103],[292391,683508],[293105,682860],[290747,682207],[293854,682810],[295249,683851],[294553,682522],[295377,683206],[295897,681572],[295644,681255],[295518,680621],[294576,680363],[294477,679806],[295544,680581],[295664,681131],[300519,682047],[305598,680307],[306249,679356],[311967,679192],[311848,678653],[313404,678297],[315783,679563],[318733,676576],[319108,677368],[321275,676960],[323824,677883],[323775,677180],[323945,677884],[324081,677067],[325067,676993],[326348,678232],[331747,673439],[334553,673393],[334347,672710],[334974,673898],[337004,673770],[339471,675679],[342589,675998],[344110,677154],[344906,678708],[344558,680058],[347586,680556],[346238,681472],[346144,683084],[347867,683468],[349468,685905],[356287,685174],[357826,685656],[360926,684529],[361843,682412],[363821,681332],[363268,680567],[363753,679512],[363214,680360],[362957,679236],[362358,679542],[361913,679479],[361857,679442],[361183,678387],[362189,679486],[362750,678466],[363855,678494],[364246,680095],[365599,678299],[366281,679270],[368163,679398],[368424,678601],[372320,677306],[373917,675365],[374960,675493],[376043,673170],[379453,670848],[383904,670111],[386123,671127],[389151,669251],[391477,669333],[392139,667318],[391684,666518],[393615,664727],[394397,664984],[394527,664098],[395287,664388],[395729,661054],[397944,657534],[394699,655531],[394723,652156],[393334,651900],[392484,649410],[391526,649677],[390928,649460],[390645,647764],[388980,647231],[389590,645856],[386347,642512],[386356,641216],[384482,639897],[385319,638610],[380853,639321],[378943,637661],[380666,637299],[380191,636365],[381875,634500],[381908,631860],[384939,629130],[385645,623996],[387294,621768],[387356,620207],[389634,619407],[388107,618607],[387812,616838],[385462,614972],[383607,615480],[380263,612584],[379054,612937],[378266,611777],[379188,609746],[378156,608840],[378708,608194],[376070,606192],[374745,606107],[373789,607291],[369824,606805],[367085,603343],[364620,602782],[363692,600458],[361401,598960],[360273,596630],[358993,596399],[361225,594942],[360029,594692],[359932,592345],[357678,592131],[355296,586771],[350067,583328],[347473,582972],[346224,580044],[344545,579449],[342852,576325],[340043,575366],[340286,574301],[338846,573173],[332952,573643],[332791,573038],[334533,571808],[334235,570497],[332445,566360],[330870,566206],[331223,565711],[330226,565085],[329183,565425],[326706,563894],[322988,565520],[320648,564418],[318939,564673],[318458,565723],[319155,566627],[318989,566994],[319458,567581],[319314,567859],[318257,565649],[318845,564168],[314927,565794],[312355,564862],[309939,565331],[308476,567423],[307001,567235],[306595,566850],[306630,566092],[306178,566850],[305938,566924],[305718,566794],[305553,566198],[305271,566490],[304947,566306],[304474,567189],[304075,567376],[303700,567131],[303641,567433],[303481,567174],[303273,567472],[303480,567163],[303636,567417],[303699,567118],[304472,567170],[304883,566318],[305424,566054],[305703,566327],[305726,566765],[305946,566901],[306065,566539],[306663,566062],[306863,566873],[308121,567097],[305599,564570],[302624,564484],[300235,566000],[299201,570112],[297584,572142],[297523,573668],[297140,574270],[297702,574964],[297281,575717],[296959,575981],[297634,574915],[296982,574374],[297448,572315],[296782,572640],[299250,569263],[298323,568244],[299219,566092],[298066,566000],[297744,565480],[298503,565845],[299071,564192],[298221,560209],[299313,559910],[299888,558062],[297780,555521],[297752,554275],[291772,555166],[291383,555881],[291684,555894],[292033,556079],[291955,556429],[289268,555346],[287019,552766],[285283,552398],[283805,554461],[283853,557108],[283045,556499],[282269,556964],[283342,557949],[283487,559712],[283018,560352],[283311,558000],[282110,557207],[282229,556931],[282826,556302],[283352,556179],[282879,553381],[284051,551553],[283044,551764],[281810,553995],[281001,553854],[282251,551674],[281131,552246],[280426,551705],[282883,549171],[280120,548072],[279626,547009],[275330,545460],[273793,543659],[268518,543587],[267273,544888],[268646,548648],[268067,549792],[267196,548494],[266957,548947],[267683,551156],[268472,551220],[268971,552125],[268571,552915],[269488,553515],[268668,553543],[268651,554355],[268393,551351],[267609,551393],[265708,548616],[265692,545000],[264631,544646],[265651,544231],[265301,543177],[263437,544611],[263625,545731],[262525,544430],[261198,544960],[259978,546309],[259958,548151],[258132,548760],[257508,550095],[258000,551367],[257228,551696],[257355,552730],[259933,555983],[259891,556806],[259875,556035],[258714,554768],[257115,554431],[255118,551498],[252195,552262],[248456,554601],[247182,556264],[246726,558568],[246907,558459],[246966,558612],[247251,558462],[247377,558810],[246590,558659],[246412,560805],[244957,561463],[245773,562787],[245683,562894],[245446,562830],[245500,563692],[245812,563745],[245983,564809],[245780,565256],[245190,562373],[244656,562661],[243434,562508],[243091,563059],[243630,563087],[243559,563806],[242818,564060],[242333,563396],[242213,563642],[242523,563693],[242427,564065],[241639,564546],[242332,563346],[243468,563806],[242750,562807],[243429,562225],[244747,562446],[244871,561104],[246311,560391],[245897,558655],[244701,557592],[245858,558600],[246418,558079],[244487,556865],[244732,555704],[244108,555235],[244579,555370],[243818,554652],[243789,554179],[242868,553926],[242069,554239],[241619,554072],[240841,554731],[241615,554036],[242869,553884],[243846,554145],[244115,553542],[243866,554560],[244636,554817],[245141,550794],[248795,549041],[249595,547428],[249213,546491],[247760,546801],[248296,545081],[247573,544481],[248605,543898],[247656,539000],[248714,537380],[248104,535978],[247645,536511],[247670,535462],[244830,534117],[236432,539423],[236229,540551],[234540,541160],[232819,545551],[228321,548321],[226063,551057],[221443,552170],[219267,556108],[219223,555594],[216829,556578],[215658,556004],[215540,556481],[214842,556346],[215540,556471],[215638,555983],[216122,555972],[216630,556357],[217056,555321],[211314,552406],[209779,549481],[212300,542600],[212858,537894],[215276,535657],[214063,532535],[214414,530921],[215991,530637],[214542,530255],[211517,531514],[208880,533925],[208502,536797],[210145,537882],[209000,539883],[209664,541080],[207433,541885],[207876,543535],[206768,544160],[206493,547325],[204503,548387],[203863,550387],[200617,552815],[198202,555957],[198299,557457],[195942,562612],[196004,566497],[196684,568212],[196166,569084],[198217,572788],[202186,573562],[204169,567961],[203239,567560],[203955,563074],[206607,560919],[208040,561694],[208169,564290],[206090,568618],[204499,574839],[206666,580208],[207701,581104],[208264,581838],[208107,582381],[207739,581281],[209098,586766],[212722,589472],[214837,593210],[217848,595689],[217972,598322],[218268,598136],[218523,598101],[218570,598161],[219975,602446],[219457,606995],[224162,610768],[224717,615348],[225801,617036],[228449,618795],[232575,619105],[232850,622710],[234309,621519],[232968,622812],[233745,623149],[234571,625700],[234334,627949],[232000,630804],[230662,631260],[230799,631876],[231258,631098],[230867,631781],[232334,631469],[232490,633934],[230278,637801],[231337,638446],[231218,639812],[231635,639654],[231724,638988],[232486,638147],[231635,639655],[231215,639913],[230090,640456],[230090,640454],[229862,639973],[229334,641440],[230865,641875],[230109,642075],[229422,641687],[229205,641261],[230200,638003],[226576,640960],[224500,640863],[223952,641912],[222486,641822],[222936,642925],[220139,647118],[217523,648900],[217766,651462],[218946,652177],[218310,653073],[219668,652291],[220015,653723],[219263,654676],[219576,655092],[219594,654376],[220747,654088],[220911,655606],[220881,657660],[219135,662151],[219369,669225],[218829,670253],[220634,672267],[219958,672868],[220435,676034],[224238,678023],[224571,677395],[226347,677863],[228650,675763],[229882,676000],[230609,675585],[229390,675787],[234855,674053],[239392,673000],[244704,673168],[249578,669178],[249207,667968],[248767,668158],[247516,667814],[246091,666959],[245509,667390],[246047,666431],[247546,667773],[249250,667887],[249519,668103],[248562,666447],[248208,665051],[248488,664625],[248647,666457],[249409,667254],[249779,669076],[252769,666942],[252876,666079],[252939,666817],[256280,664965],[258749,664725],[259993,663934],[259792,663395],[260890,662815],[260912,662250],[261056,662195],[262144,662752],[262026,663421],[262412,662205],[262516,662998],[262004,663462],[262093,662773],[260982,662248],[260940,662858],[259882,663390],[260066,663925],[259441,664494],[255645,665938],[256275,666314],[253621,666590],[247331,671064],[245416,673271],[239981,674325],[239963,675137],[239146,676313],[239682,677802],[239001,676280],[239862,674742],[238811,674720],[233636,677139],[232618,678573],[231476,678215],[231572,679102],[232548,679111],[231676,680929],[226331,683747],[223617,691157],[223152,688750],[224032,685902],[225938,682175],[227306,682150],[227502,680860],[225204,680175],[222072,681306],[220771,688777],[228240,702822],[229570,703754],[229532,704970],[227184,702741],[224050,695927],[222049,693409],[220583,694465],[220989,698203],[219663,701694],[218924,700651],[219939,698609],[219199,694861],[221275,692219],[218594,688097],[219480,681025],[219114,680489],[217454,681188],[215482,683109],[215824,681935],[215251,681606],[218616,678872],[217727,676339],[216887,676110],[213677,667190],[209592,668366],[208515,677491],[206401,679637],[205511,684013],[204934,682797],[205519,679872],[207576,676011],[207625,671446],[206041,671726],[202298,675568],[201540,675658],[200904,677289],[201438,680058],[201339,681548],[200920,681657],[200456,675616],[197372,671564],[199270,667226],[199401,663944],[196637,665603],[196247,666872],[194448,666562],[194065,667616],[192756,667108],[192961,669697],[192577,669152],[192821,669922],[191981,669981],[191228,671332],[190731,671149],[190515,672319],[191595,674661],[190943,675568],[192397,678646],[191237,680172],[191682,683055],[194351,686112],[196922,691295],[200931,695103],[200438,696068],[201010,697470],[207456,700256],[208880,701485],[208652,702374],[210621,706238],[215085,708647],[218007,710784],[219492,712696],[214340,709575],[211306,708821],[211682,711612],[211422,710164],[209744,709340],[207120,705121],[206554,701940],[204727,700470],[201816,699834],[198942,697583],[197710,695968],[197503,694186],[195835,693361],[194293,690318],[193341,690084],[193357,691176],[192573,691167],[192995,690009],[191983,689095],[191527,686028],[190881,686501],[189065,684026],[188484,684581],[187746,683857],[186433,685130],[186379,687743],[185785,688157],[184744,680815],[185826,678603],[186300,672324],[187318,671359],[186668,671573],[187176,670081],[187666,669360],[186397,668653],[188260,668439],[190904,664392],[192254,659400],[191339,657374],[189896,657618],[187090,656185],[183280,651361],[183314,649193],[180873,644288],[182091,636851],[181531,636287],[181381,637549],[180251,637226],[180485,637834],[180241,637876],[179844,631787],[178928,631516],[178317,627124],[176050,625036],[175478,621333],[173521,620303],[172042,620579],[173250,619156],[175325,619503],[176758,616555],[176895,612959],[174132,609068],[171397,607411],[166200,607858],[163923,606210],[161255,605866],[158965,607164],[159638,617195],[162802,620932],[164573,621059],[166368,632776],[165917,637922],[167392,638828],[168945,643819],[169733,647678],[168972,649347],[172684,652194],[176163,658392],[177190,658353],[182065,662228],[185084,668008],[184432,668035],[181802,663971],[178211,660443],[175986,659264],[175858,659868],[173369,657813],[173390,659129],[174310,659667],[173043,660245],[173934,661643],[171872,660835],[170426,662300],[170802,667644],[174641,674664],[176077,675513],[177060,676968],[176656,677565],[177192,677352],[176663,677701],[174642,676565],[170112,672054],[169578,674793],[171222,678937],[175920,685450],[177431,686218],[177937,687641],[175827,686178],[177951,688915],[176470,687737],[177011,688679],[176669,688714],[176244,687920],[176016,687242],[175195,687104],[177409,690458],[175012,687151],[174190,687192],[175027,686572],[172504,682676],[171884,682783],[173471,685966],[172385,684658],[170956,682259],[171075,681661],[172075,682067],[171153,680627],[169885,679796],[170657,681239],[168148,679085],[168821,681081],[172223,687145],[173559,687766],[173894,690362],[177105,694565],[178141,694063],[179054,694392],[179174,693234],[180586,692230],[181382,692336],[181704,692859],[180508,692508],[180538,693649],[179530,693634],[180538,695373],[179001,695464],[179297,696257],[178539,695951],[178188,696595],[182822,704793],[182433,705386],[181336,705111],[177811,701823],[176499,699173],[175475,699092],[177054,701242],[176202,701004],[176704,702125],[176453,702458],[179450,706948],[178906,707746],[180546,708449],[179104,710704],[184461,712616],[183058,714152],[182240,713007],[179498,713289],[178198,711953],[177285,712110],[178559,715919],[178235,716323],[177760,715812],[178941,721431],[180450,722925],[181163,722562],[181458,723180],[182515,722023],[183911,723254],[185743,723364],[187341,724205],[186821,724868],[185127,723553],[184119,723879],[184343,724483],[182561,722566],[181538,724380],[183225,728144],[185882,730072],[185312,732529],[188062,734591],[188080,733671],[189669,734463],[189675,733849],[192662,734219],[193700,734765],[194847,733685],[195771,734443],[197568,733345],[198619,733504],[198797,734318],[200517,731822],[200854,731957],[201029,732747],[201037,732336],[201359,732200],[203457,733027],[205648,735560],[207001,736045],[206484,736647],[207007,737503],[208110,737400],[207516,737717],[211700,745488],[208854,740920],[207163,738992],[205858,738820],[203885,734414],[201000,732955],[199458,734968],[197502,734661],[193974,736095],[193012,735958],[192667,734732],[190175,734845],[190419,737668],[189147,738997],[189675,740296],[187069,736765],[187591,738217],[186189,737611],[189733,742412],[190231,741738],[190860,742262],[191520,740500],[193437,740782],[196512,742471],[197645,744270],[200349,744334],[200826,746074],[201537,746002],[200855,746139],[198047,744378],[195832,744526],[193029,741946],[192592,742579],[192025,742031],[191492,744241],[190022,743788],[190661,746171],[191762,747019],[191755,745991],[193078,746635],[192000,747733],[193813,750835],[197981,754540],[197718,755479],[196155,755539],[196742,756212],[200048,758165],[200783,757372],[202667,759598],[205203,759673],[207836,758397],[209716,758743],[209950,759902],[213442,761137],[218357,762036],[215695,762118],[206419,759303],[206150,760144],[205011,760001],[205078,761000],[201293,761525],[202551,764410],[210376,774464],[211849,775386],[211871,775503],[211794,775528],[211395,775274],[211326,775775],[211844,775595],[211385,775841],[211003,775526],[211069,775750],[210804,774866],[210319,776280],[209159,776777],[207949,776362],[205508,778288],[201578,778235],[196978,779255],[195960,779189],[198280,777671],[206168,777245],[207911,776096],[209507,775764],[209497,774822],[203440,768398],[202067,768602],[202575,766828],[200888,764775],[201674,763429],[199717,762651],[199024,761367],[198863,762392],[198185,762855],[197740,762919],[198246,762726],[196755,761091],[194241,759594],[194545,758748],[191719,755732],[189528,755381],[187161,752435],[186311,752690],[186040,751923],[183599,752727],[185765,751505],[182051,745818],[178760,742842],[173260,739985],[172749,741656],[169721,743294],[169105,742600],[168187,744210],[170270,747410],[169811,747726],[167395,744237],[161424,746719],[160124,746734],[156940,750408],[155971,753584],[154631,754727],[154650,758010],[157995,758565],[159296,757942],[160704,758602],[161482,756500],[162392,756659],[165094,754266],[165338,755024],[163089,756352],[162298,757984],[166085,759318],[170730,762939],[172195,762341],[173187,760571],[175047,759952],[178925,759710],[183656,760828],[182065,760758],[181381,761670],[176248,760433],[172543,763807],[169353,763750],[168941,764724],[168771,763522],[165136,760258],[163624,761015],[161852,760690],[161480,760305],[160965,761064],[159580,760666],[158480,762173],[156800,761510],[156626,760469],[155896,761901],[153249,761546],[152028,763040],[149251,762629],[148311,763060],[148485,763745],[146542,762241],[143857,762893],[142132,764378],[141536,767556],[142482,767266],[142729,767801],[142504,768301],[144247,768382],[144220,770445],[145310,769967],[148448,771351],[151639,770381],[152623,771214],[154577,770796],[154855,771712],[157447,771574],[157856,772925],[161082,768845],[162586,770269],[163547,769339],[163429,767804],[165235,767548],[164577,768354],[165055,768780],[165156,768606],[165653,768048],[165393,768778],[164583,768957],[164619,770034],[164045,769648],[162400,770632],[162678,772713],[164401,771779],[164519,770637],[164736,771983],[165989,770808],[166624,772621],[167749,772285],[168227,773118],[169188,772058],[171232,772113],[164181,775460],[164551,777553],[166521,778020],[167239,777224],[167767,778257],[169165,778084],[170586,779235],[173373,778672],[174320,780646],[176676,781945],[175322,782561],[172889,779480],[172249,780056],[171074,780020],[170795,780557],[169126,780682],[171647,783071],[173261,783239],[172252,783668],[172920,784089],[172466,784536],[164722,783638],[163223,782602],[162071,783789],[161523,783384],[161086,784616],[162594,784969],[162720,785720],[163493,786067],[164905,784682],[166087,786094],[165704,786822],[164346,786505],[163798,787974],[165457,788346],[164807,789189],[165741,789897],[165711,790366],[165336,790576],[165805,790859],[166393,792766],[168015,791850],[167620,793579],[166280,793405],[167512,797211],[167969,796891],[168135,797686],[173841,798090],[174812,794988],[179162,792399],[180818,793768],[182016,793396],[186966,794654],[186019,795358],[186366,796182],[180302,793724],[177637,795269],[176425,798243],[176648,798824],[176951,798585],[177450,798846],[177743,799148],[174909,800530],[172852,799980],[173596,799630],[173118,799216],[172272,799734],[171936,801892],[170707,801159],[169867,803547],[174456,807311],[174775,809184],[179432,809994],[182652,808878],[184007,806212],[186783,804442],[187498,806210],[193180,807316],[195103,806859],[192860,807937],[188918,806530],[186448,806741],[184975,807999],[184571,810375],[181643,811886],[178636,811680],[177545,812354],[177120,814858],[176829,814750],[177942,816401],[180723,818017],[181330,820188],[179436,821085],[180759,823608],[183058,824430],[183910,824024],[186494,825409],[187650,825368],[189976,821528],[192788,818715],[193680,819373],[195070,821324],[193948,820647],[191828,821558],[188087,825846],[190043,828323],[190156,829395],[193482,830145],[195112,828529],[194847,829517],[192850,830672],[191435,830350],[189882,829389],[189259,827886],[188140,827568],[187912,826197],[187041,826817],[185779,826277],[185641,827051],[183500,825735],[183094,826881],[181976,826210],[180258,827730],[178700,827053],[175067,827584],[176009,827559],[175407,829052],[176288,831072],[177523,832289],[179114,832273],[178385,832441],[178300,833906],[180864,834254],[179716,833088],[180392,832998],[184525,833782],[184908,834919],[187509,834705],[192327,838713],[193782,841326],[193416,842165],[191875,841754],[189522,839256],[189827,838479],[186449,835327],[183449,835158],[182777,835632],[183631,836252],[181468,836533],[181654,838021],[184115,839108],[182910,840122],[183466,842498],[182221,840078],[178352,838022],[175711,835524],[172164,834782],[171166,838170],[170763,836634],[170254,836798],[169870,839897],[170580,839570],[170581,841030],[171388,839840],[170398,843000],[171677,845145],[168837,845684],[167897,849278],[170752,860818],[171697,860568],[172224,861504],[174693,858412],[176151,857721],[176186,856517],[177080,856961],[178259,856014],[177695,857415],[178225,857864],[178762,854905],[179409,854457],[180158,854451],[181483,852404],[181272,856125],[183269,853633],[183048,854786],[183626,854442],[184269,855264],[184699,854510],[185417,855002],[186173,854386],[185987,855192],[186694,854578],[186929,855378],[188576,854295],[189952,855095],[189671,856507],[185382,857537],[182626,857622],[182516,856958],[180573,856542],[180515,857393],[178567,858678],[178723,859454],[179932,859030],[179737,860084],[177271,861178],[177071,863558],[175845,865507],[173279,867552],[172164,867428],[174319,872265],[174300,873827],[177409,874883],[178211,874263],[177781,873759],[179202,873783],[180523,872547],[180346,873689],[181323,873893],[181020,875150],[180067,875100],[180023,877162],[176257,877512],[173213,879744],[174203,884545],[173826,891834],[175888,891752],[177049,892962],[181617,892154],[180945,889789],[181701,889628],[181345,888734],[182367,888426],[182668,887348],[182088,884852],[184592,881175],[185782,880764],[186237,881633],[184793,883560],[185647,884256],[185816,883190],[187361,883503],[187328,884435],[186324,884826],[187463,888582],[186178,890264],[183978,890993],[183315,893537],[184098,894021],[183393,894707],[184091,896250],[185823,898514],[187989,897863],[188149,896825],[189156,897606],[190114,892174],[194681,889868],[197345,896229],[201525,893425],[202888,891038],[209235,888241],[207723,889915],[207721,890943],[203886,892394],[202272,895657],[199012,896553],[198529,898634],[200415,898360],[201157,899360],[202814,896525],[204754,895987],[208205,896632],[208023,896090],[209476,895647],[213186,891693],[214602,891531],[217840,884766],[218061,886100],[216283,890869],[214264,892216],[213308,894015],[212456,893693],[212447,894646],[209196,897385],[211892,899061],[212280,900741],[211775,900747],[211134,899462],[211222,900927],[209252,901083],[208106,902571],[204318,903696],[204572,904697],[203296,906813],[201869,906836],[201858,909068],[198202,909944],[198729,912176],[196928,913297],[196204,915015],[196896,915336],[196969,917207],[198156,918154],[200809,915926],[202031,912538],[202459,914869],[203200,915011],[204041,913599],[205396,913109],[205915,914177],[206709,914109],[206224,915167],[207007,915279],[206664,916469],[207568,917178],[207187,918229],[206503,917919],[206949,918658],[205557,919280],[207924,919310],[205884,921252],[208300,921135],[208766,922385],[209428,922112],[209603,923079],[207678,922299],[205354,923241],[207239,924473],[205378,924057],[204943,924918],[205795,925531],[204170,926156],[202650,930387],[200219,932509],[202055,935579],[202477,934115],[204002,933951],[204265,934084],[203852,933107],[205227,932703],[205700,930940],[209330,933684],[209975,933489],[210446,933933],[210565,933044],[211280,934209],[212076,933113],[213443,933568],[213748,932140],[214642,931487],[213836,932502],[214375,934331],[215016,933675],[215785,934474],[216694,934233],[216420,933493],[216970,932983],[217025,934144],[216357,934754],[217744,935483],[220855,932633],[221116,933257],[222648,932990],[222848,933841],[223627,933521],[223838,931901],[225220,930396],[226510,930197],[227658,928843],[227037,930669],[224354,933007],[228591,933603],[222762,934595],[221884,934167],[222766,934022],[222243,933628],[219310,934715],[217776,935994],[217866,936940],[216971,936652],[217190,937292],[216806,937814],[217189,938155],[216065,937900],[216413,938674],[215678,939157],[216887,940047],[215735,940228],[216920,941079],[216048,941959],[215440,941121],[214464,941418],[215196,942872],[213846,944696],[215509,944818],[214309,945887],[216270,948396],[216378,948833],[215832,950142],[216544,951390],[217968,949498],[219509,949218],[219240,948617],[220163,949193],[220092,948982],[220327,948446],[220987,948682],[220720,947823],[222519,947637],[222005,946798],[223520,947108],[222116,948231],[222866,948937],[221098,949548],[221653,950278],[220642,950083],[221783,951059],[222938,950827],[220968,951471],[220891,950785],[219286,950673],[218347,951684],[220633,951551],[218178,953115],[218981,954219],[220124,954034],[219093,954393],[219925,955000],[221448,955237],[220672,955612],[223237,955087],[225303,952202],[224906,953622],[225511,954103],[224100,954713],[224080,955551],[220571,956188],[221853,956906],[220094,957582],[219261,959122],[218478,958693],[218612,959258],[217934,960412],[218314,960593],[218788,963497],[220158,965118],[222542,965445],[223740,968528],[224860,969469],[224913,973607],[225602,974767],[228340,972876],[229574,973622],[232386,972943],[233032,973252],[234553,971460],[235949,971117],[236038,967289],[237545,965453],[235228,962843],[236390,963264],[236231,961509],[236495,962593],[237181,962896],[237154,963312],[238011,964431],[238407,965477],[236861,967323],[237479,968770],[239261,968969],[237878,971470],[238545,971365],[239276,971912],[239287,970279],[240664,969493],[241056,967499],[242041,967896],[242687,966436],[244381,965454],[245660,965664],[245062,965358],[245619,963570],[241758,959238],[238957,954541],[239803,954522],[239448,954042],[240403,954175],[242972,957554],[244809,958022],[244588,959838],[246209,962174],[247625,962485],[247683,961484],[247434,961351],[247310,961158],[247414,960911],[247777,961393],[249125,963641],[248902,967596],[250085,968674],[254815,968049],[255139,967123],[256693,966531],[257180,966346],[257202,964797],[258601,965408],[258569,962726],[259784,961798],[257016,959047],[256169,954880],[255005,953324],[255468,953746],[255613,952840],[255616,953364],[257436,955561],[257985,956801],[258781,956511],[258116,958538],[261252,960494],[263679,963830],[267861,963370],[268104,961092],[268339,961953],[269773,961958],[271195,958424],[269637,963227],[271218,962342],[271236,964698],[271623,964709],[271981,964865],[273433,963495],[273503,963996],[274016,963784],[274586,964234],[274862,965939],[276021,965747],[276487,966208],[276439,966556],[278264,965087],[278669,965629],[279431,964360],[279677,965735],[279668,965811],[279609,965863],[280221,965923],[281022,966689],[281315,968821],[282353,968764],[282778,969962],[283485,965695],[286277,966805],[287085,965981],[287703,966668],[289152,964988],[288794,964725],[289448,962629],[289148,965606],[289968,966072],[291936,965372],[295370,966473],[296035,965249],[296656,965387],[297065,966546],[298341,966990],[301297,969750],[302917,969958],[303679,971419],[305345,970796],[310924,971582],[309923,969987],[311454,968667],[312171,968923],[311327,967642],[312932,969526],[315286,970305],[320431,968197],[321857,970554],[318085,973263],[318434,975363],[320250,976862],[321510,975918],[322059,974000],[324045,973521],[326908,974464],[328883,974208],[329330,974802],[331180,975310],[332081,974263],[332326,973196],[332898,972727],[336236,973732],[340633,973369],[339490,968262],[337734,967604],[338453,966415],[337965,964504],[337163,963694],[336709,962700]],[[232486,638146],[233064,638291],[233480,638894],[232486,638147],[232486,638146]],[[256701,966508],[256714,966516],[256693,966531],[256701,966508]],[[150604,762831],[150651,762891],[150599,762908],[150604,762831]],[[150534,762961],[150548,763007],[150527,763032],[150534,762961]],[[143832,768257],[143785,768359],[143757,768324],[143832,768257]],[[178121,627456],[178141,627562],[178065,627469],[178121,627456]],[[179769,634355],[179803,634368],[179784,634396],[179769,634355]],[[179969,635113],[180005,635134],[179981,635158],[179969,635113]],[[179979,635199],[180019,635225],[180011,635321],[179979,635199]],[[188691,667552],[188694,667603],[188663,667597],[188691,667552]],[[186909,668966],[187017,669017],[186989,669038],[186909,668966]],[[190551,672218],[190603,672206],[190648,672298],[190551,672218]],[[179360,833930],[179475,833956],[179396,834005],[179360,833930]],[[197251,917148],[197260,917185],[197247,917202],[197251,917148]],[[203640,700276],[203659,700324],[203607,700325],[203640,700276]],[[204791,767111],[204812,767137],[204774,767123],[204791,767111]],[[202926,914890],[202930,914935],[202885,914897],[202926,914890]],[[206924,918526],[206953,918543],[206927,918575],[206924,918526]],[[203893,927105],[203917,927110],[203935,927139],[203893,927105]],[[214071,932219],[214126,932265],[214050,932310],[214071,932219]],[[214644,943704],[214686,943718],[214670,943737],[214644,943704]],[[214061,944446],[214128,944457],[214106,944479],[214061,944446]],[[214115,944545],[214109,944566],[214081,944554],[214115,944545]],[[244544,534361],[244586,534403],[244543,534385],[244544,534361]],[[244269,534504],[244271,534521],[244257,534509],[244269,534504]],[[243579,535000],[243600,535023],[243562,535010],[243579,535000]],[[219932,957930],[220023,958006],[219969,958055],[219932,957930]],[[219981,958101],[220024,958104],[219960,958156],[219981,958101]],[[219163,963886],[219121,963830],[219175,963840],[219163,963886]],[[251108,968480],[251073,968501],[251068,968488],[251108,968480]],[[224979,972267],[224963,972334],[224906,972291],[224979,972267]],[[229010,973140],[228977,973214],[228984,973147],[229010,973140]],[[229057,973163],[229006,973269],[228996,973215],[229057,973163]],[[278397,873397],[278433,873475],[278371,873497],[278397,873397]],[[278684,873661],[278742,873734],[278675,873715],[278684,873661]],[[308631,919370],[308631,919400],[308610,919398],[308631,919370]],[[308665,919420],[308649,919441],[308655,919421],[308665,919420]],[[308786,919593],[308812,919607],[308809,919632],[308786,919593]],[[325176,935009],[325222,935012],[325187,935032],[325176,935009]],[[325894,935119],[325926,935180],[325846,935150],[325894,935119]],[[325734,935146],[325757,935177],[325687,935165],[325734,935146]],[[326235,935251],[326254,935284],[326235,935276],[326235,935251]],[[271359,963632],[271384,963648],[271355,963664],[271359,963632]],[[272569,964010],[272551,964047],[272550,964025],[272569,964010]],[[272445,964164],[272477,964184],[272450,964214],[272445,964164]],[[272287,964289],[272308,964303],[272304,964338],[272287,964289]],[[275065,965755],[275069,965791],[275034,965811],[275065,965755]],[[285928,966568],[285936,966604],[285882,966585],[285928,966568]],[[331689,974282],[331789,974415],[331674,974596],[331689,974282]],[[330197,974829],[330274,974855],[330208,974889],[330197,974829]],[[329921,974885],[329951,974897],[329920,974916],[329921,974885]],[[354656,867271],[354676,867274],[354676,867312],[354656,867271]],[[340015,971860],[340039,971921],[339958,971872],[340015,971860]],[[391992,649559],[392018,649581],[391922,649602],[391992,649559]],[[387172,777975],[387231,777821],[387224,777973],[387172,777975]],[[387272,778304],[387270,778344],[387231,778348],[387272,778304]],[[388036,781203],[388021,781281],[387974,781275],[388036,781203]],[[393772,796647],[393801,796689],[393745,796696],[393772,796647]],[[408270,833119],[408277,833179],[408262,833160],[408270,833119]],[[411817,839348],[411841,839377],[411817,839406],[411817,839348]],[[413157,841350],[413242,841365],[413238,841418],[413157,841350]],[[413219,841447],[413261,841492],[413207,841540],[413219,841447]],[[413369,842035],[413348,842055],[413292,842049],[413369,842035]],[[413410,842083],[413409,842109],[413382,842091],[413410,842083]],[[389373,864994],[389378,865069],[389336,865016],[389373,864994]],[[390596,865964],[390639,865983],[390619,866030],[390596,865964]],[[382908,866666],[382917,866691],[382875,866680],[382908,866666]]],[[[302094,862522],[302264,862672],[302429,862502],[302094,862522]]],[[[284340,882001],[284405,882048],[284375,881989],[284340,882001]]],[[[284323,882173],[284387,882058],[284314,882012],[284323,882173]]],[[[284033,882169],[284154,882206],[284246,882006],[284033,882169]]],[[[284611,882334],[284653,882228],[284576,882210],[284611,882334]]],[[[283508,886397],[284759,886456],[285723,885212],[283508,886397]]],[[[307262,918155],[307306,918157],[307254,918124],[307262,918155]]],[[[312292,922715],[312317,922690],[312299,922649],[312292,922715]]],[[[312761,923518],[312767,923526],[312791,923512],[312781,923489],[312761,923518]]],[[[312841,923535],[312907,923507],[312833,923497],[312841,923535]]],[[[226903,929934],[226925,929996],[226970,929898],[226903,929934]]],[[[226767,930268],[226736,930149],[226689,930318],[226767,930268]]],[[[226842,930310],[226846,930202],[226805,930285],[226842,930310]]],[[[226353,930230],[226345,930290],[226407,930308],[226353,930230]]],[[[226611,930377],[226760,930448],[226728,930363],[226611,930377]]],[[[226817,930464],[226844,930488],[226899,930434],[226817,930464]]],[[[225224,930783],[225292,930799],[225284,930762],[225224,930783]]],[[[224885,931354],[224948,931401],[224947,931307],[224885,931354]]],[[[220484,933462],[220708,933433],[220648,933204],[220484,933462]]],[[[223173,934163],[223199,934104],[223124,934083],[223173,934163]]],[[[223167,934257],[223321,934194],[223191,934191],[223167,934257]]],[[[222900,934371],[222978,934372],[222910,934300],[222900,934371]]],[[[222492,934256],[222627,934462],[222910,934282],[223051,934228],[222492,934256]]],[[[222724,934462],[222753,934488],[222769,934385],[222724,934462]]],[[[221222,948200],[221404,948252],[221534,947936],[221222,948200]]],[[[222158,948736],[222183,948600],[221973,948474],[222158,948736]]],[[[220697,948912],[220666,948809],[220578,948825],[220697,948912]]],[[[220719,948874],[220728,948953],[220651,948963],[220557,949000],[220748,948983],[220719,948874]]],[[[220443,949168],[220497,948959],[220124,948937],[220443,949168]]],[[[221292,949365],[221351,949413],[221330,949353],[221292,949365]]],[[[221064,949484],[221152,949475],[221140,949353],[221064,949484]]],[[[220888,949738],[220992,949823],[220987,949737],[220888,949738]]],[[[219696,950327],[220427,950606],[220440,950164],[219696,950327]]],[[[221422,951175],[221431,950965],[221210,950950],[221422,951175]]],[[[239747,954899],[239808,954740],[239658,954731],[239747,954899]]],[[[239631,955028],[239664,954744],[239445,954733],[239631,955028]]],[[[219854,955089],[219841,955033],[219787,955045],[219854,955089]]],[[[220388,955444],[220162,955425],[220408,955575],[220388,955444]]],[[[219908,955494],[220108,955582],[220055,955481],[219908,955494]]],[[[219861,955597],[219910,955631],[219920,955586],[219861,955597]]],[[[220080,955725],[220136,955665],[219987,955650],[220080,955725]]],[[[257363,956038],[257369,955673],[256899,955370],[257363,956038]]],[[[220113,955735],[220182,955711],[220171,955681],[220113,955735]]],[[[220495,956248],[220557,956286],[220526,956205],[220495,956248]]],[[[257509,956866],[257252,957087],[257494,957023],[257509,956866]]],[[[220337,957156],[220621,956899],[220152,956817],[220337,957156]]],[[[257160,957184],[257133,957447],[257384,957075],[257160,957184]]],[[[220104,957331],[220109,957275],[220017,957265],[220104,957331]]],[[[220017,957338],[220069,957347],[219982,957256],[220017,957338]]],[[[219909,957320],[219999,957357],[219918,957264],[219909,957320]]],[[[242096,958376],[242509,958586],[241911,957445],[242096,958376]]],[[[257298,958892],[257491,958750],[257339,958705],[257298,958892]]],[[[259195,959944],[259335,959915],[259106,959876],[259195,959944]]],[[[260167,960346],[260167,960242],[260090,960134],[260167,960346]]],[[[270630,962789],[270680,962721],[270657,962703],[270630,962789]]],[[[247452,963176],[247275,963017],[247011,962942],[247452,963176]]],[[[259958,962932],[260189,963569],[260582,963165],[260476,962684],[259958,962932]]],[[[259110,963271],[259133,963299],[259131,963235],[259110,963271]]],[[[258973,963464],[259020,963481],[258969,963401],[258973,963464]]],[[[236783,963291],[236942,963641],[237156,963625],[236783,963291]]],[[[270754,963531],[270847,963509],[270837,963431],[270754,963531]]],[[[270932,963586],[271014,963497],[271004,963436],[270932,963586]]],[[[261065,963958],[261073,963380],[260717,963074],[261065,963958]]],[[[265288,963831],[265276,963859],[265315,963829],[265288,963831]]],[[[274047,963925],[274071,963947],[274102,963903],[274047,963925]]],[[[273474,964052],[273495,964032],[273492,964015],[273474,964052]]],[[[274036,964113],[274101,964037],[274071,963969],[274036,964113]]],[[[273025,964085],[273044,964095],[273057,964068],[273025,964085]]],[[[272969,964123],[272979,964115],[272945,964110],[272969,964123]]],[[[261018,964131],[261137,964223],[261049,964052],[261018,964131]]],[[[272941,964169],[272961,964165],[272934,964148],[272941,964169]]],[[[272871,964221],[272927,964136],[272894,964102],[272871,964221]]],[[[274289,964160],[274320,964207],[274307,964153],[274289,964160]]],[[[274171,964207],[274177,964185],[274163,964164],[274171,964207]]],[[[274468,964205],[274450,964226],[274482,964253],[274468,964205]]],[[[272884,964267],[272909,964272],[272897,964257],[272884,964267]]],[[[274160,964442],[274075,964103],[274043,964262],[274160,964442]]],[[[274313,964326],[274245,964221],[274219,964325],[274313,964326]]],[[[259630,964418],[259689,964442],[259627,964324],[259630,964418]]],[[[265960,964677],[266521,964770],[266911,964255],[266440,964100],[265960,964677]]],[[[261164,964759],[261172,964271],[261047,964201],[261164,964759]]],[[[259825,964575],[259840,964521],[259781,964501],[259825,964575]]],[[[271606,964796],[271644,964822],[271613,964764],[271606,964796]]],[[[271397,964890],[271433,964837],[271364,964743],[271397,964890]]],[[[237682,964621],[237873,965130],[238014,964573],[237682,964621]]],[[[259081,965210],[259233,965201],[259183,964825],[259081,965210]]],[[[257301,965078],[257357,965083],[257448,964955],[257301,965078]]],[[[257316,965109],[257375,965267],[257522,965028],[257316,965109]]],[[[263605,966015],[264652,966069],[263816,964620],[263205,965088],[263605,966015]]],[[[237662,965527],[237973,965813],[238263,965354],[237946,965120],[237662,965527]]],[[[291905,965530],[291982,965492],[291952,965437],[291905,965530]]],[[[258460,965542],[258489,965550],[258463,965509],[258460,965542]]],[[[291846,965607],[291860,965646],[291877,965591],[291846,965607]]],[[[257948,965602],[257968,965658],[258029,965595],[257948,965602]]],[[[292682,965691],[292734,965681],[292731,965664],[292682,965691]]],[[[292678,965752],[292731,965736],[292678,965726],[292678,965752]]],[[[279578,965786],[279652,965807],[279578,965745],[279578,965786]]],[[[277889,965837],[278026,965885],[278047,965780],[277889,965837]]],[[[246147,965848],[246244,965924],[246194,965774],[246147,965848]]],[[[246224,966067],[246270,965952],[246147,965860],[246224,966067]]],[[[279747,965987],[279799,965994],[279811,965965],[279747,965987]]],[[[262748,965952],[263313,966271],[263612,966049],[263368,965717],[262748,965952]]],[[[275079,966147],[275133,966192],[275175,966037],[275079,966147]]],[[[262752,966187],[262944,966317],[262895,966086],[262752,966187]]],[[[280336,966243],[280351,966263],[280358,966229],[280336,966243]]],[[[280326,966261],[280299,966275],[280319,966299],[280326,966261]]],[[[280261,966320],[280303,966343],[280289,966303],[280261,966320]]],[[[280435,966353],[280494,966357],[280431,966314],[280435,966353]]],[[[280243,966379],[280267,966351],[280241,966320],[280243,966379]]],[[[295746,966366],[295760,966350],[295751,966337],[295746,966366]]],[[[280474,966402],[280463,966371],[280449,966370],[280474,966402]]],[[[276373,966475],[276389,966391],[276357,966437],[276373,966475]]],[[[276930,966542],[276963,966634],[276948,966528],[276930,966542]]],[[[256523,966679],[256548,966695],[256539,966674],[256523,966679]]],[[[243068,966803],[243059,966682],[242974,966660],[243068,966803]]],[[[287770,966764],[287822,966774],[287854,966712],[287770,966764]]],[[[280881,967003],[280944,966882],[280895,966874],[280881,967003]]],[[[243203,966990],[243220,966971],[243185,966954],[243203,966990]]],[[[298030,967030],[298075,967038],[297983,966990],[298030,967030]]],[[[283291,967025],[283334,967062],[283301,966977],[283291,967025]]],[[[297903,967072],[297900,967035],[297803,967016],[297903,967072]]],[[[243141,967037],[243200,967076],[243262,967021],[243141,967037]]],[[[255425,967112],[255458,967139],[255460,967111],[255425,967112]]],[[[255166,967320],[255236,967329],[255161,967299],[255166,967320]]],[[[280743,967388],[280789,967484],[280855,967265],[280743,967388]]],[[[243815,967203],[245018,967707],[244331,967149],[243815,967203]]],[[[242693,967431],[242728,967441],[242719,967423],[242693,967431]]],[[[255067,967617],[255090,967644],[255095,967616],[255067,967617]]],[[[244904,967800],[244988,967788],[244818,967696],[244904,967800]]],[[[254966,967801],[254973,967822],[255015,967759],[254966,967801]]],[[[254884,967987],[254897,967973],[254853,967967],[254884,967987]]],[[[245525,968017],[245571,968056],[245601,967978],[245525,968017]]],[[[245708,968124],[245710,968030],[245640,968012],[245708,968124]]],[[[299453,968389],[299465,968380],[299421,968225],[299453,968389]]],[[[253993,968296],[254028,968324],[254050,968295],[253993,968296]]],[[[236707,968645],[236989,968493],[237220,968240],[236712,968165],[236707,968645]]],[[[249796,968441],[249763,968488],[249802,968471],[249796,968441]]],[[[249534,968536],[249571,968555],[249570,968518],[249534,968536]]],[[[251299,968547],[251325,968570],[251361,968531],[251299,968547]]],[[[249688,968583],[249711,968598],[249700,968540],[249688,968583]]],[[[253042,968580],[253077,968605],[253056,968567],[253042,968580]]],[[[249751,968631],[249771,968622],[249763,968585],[249751,968631]]],[[[252715,968729],[252774,968688],[252672,968680],[252715,968729]]],[[[252626,968729],[252627,968702],[252596,968695],[252626,968729]]],[[[252258,968742],[252268,968709],[252220,968706],[252258,968742]]],[[[250025,968784],[250067,968752],[250021,968688],[250025,968784]]],[[[252268,968791],[252313,968818],[252289,968780],[252268,968791]]],[[[237406,968944],[237468,969021],[237503,968821],[237406,968944]]],[[[282303,968956],[282352,968956],[282303,968908],[282303,968956]]],[[[281988,969066],[282062,969027],[281996,968820],[281988,969066]]],[[[282135,969059],[282194,969025],[282150,968914],[282135,969059]]],[[[281935,969199],[281980,969144],[281960,969111],[281935,969199]]],[[[282619,969991],[282635,969882],[282560,969851],[282619,969991]]],[[[236276,970287],[236338,970310],[236380,970243],[236276,970287]]],[[[238433,970282],[238436,970330],[238480,970257],[238433,970282]]],[[[238177,970440],[238135,970349],[238084,970380],[238177,970440]]],[[[237975,970462],[237902,970427],[237932,970491],[237975,970462]]],[[[237883,970593],[237856,970671],[237907,970588],[237883,970593]]],[[[306349,971031],[306360,971017],[306303,970995],[306349,971031]]],[[[306674,971070],[306679,971053],[306653,971050],[306674,971070]]],[[[239674,971114],[239708,971127],[239718,971104],[239674,971114]]],[[[239828,971152],[239859,971232],[239899,971129],[239828,971152]]],[[[239618,971189],[239677,971281],[239684,971166],[239618,971189]]],[[[237989,971551],[238052,971524],[238005,971519],[237989,971551]]],[[[238435,971540],[238452,971596],[238462,971526],[238435,971540]]],[[[310470,971673],[310492,971706],[310556,971621],[310470,971673]]],[[[234701,971873],[234777,971884],[234730,971816],[234701,971873]]],[[[234718,971884],[234666,972024],[234770,971961],[234718,971884]]],[[[234578,972138],[234676,972084],[234628,972001],[234578,972138]]],[[[233217,973552],[233382,973611],[233268,973441],[233217,973552]]],[[[230095,973542],[230116,973559],[230142,973536],[230095,973542]]],[[[229984,973577],[230037,973612],[230036,973562],[229984,973577]]],[[[229496,973722],[229483,973674],[229450,973672],[229496,973722]]],[[[229445,973726],[229453,973711],[229443,973699],[229445,973726]]],[[[226479,974411],[226493,974382],[226478,974346],[226479,974411]]],[[[225587,974910],[225692,974950],[225722,974806],[225587,974910]]],[[[226107,974884],[226094,974911],[226162,974850],[226107,974884]]],[[[256169,1017900],[256229,1018057],[256220,1017766],[256169,1017900]]],[[[261811,1024235],[262293,1024688],[262123,1024176],[261811,1024235]]],[[[262375,1024718],[262478,1024757],[262392,1024597],[262375,1024718]]],[[[319627,678806],[319782,678485],[319562,678211],[319627,678806]]],[[[313586,679561],[313763,679505],[313604,679499],[313586,679561]]],[[[320730,680494],[320614,680580],[320694,680628],[320730,680494]]],[[[318640,682289],[318928,682702],[319301,682517],[318640,682289]]],[[[329292,683135],[329650,682193],[329011,682933],[329292,683135]]],[[[353424,686597],[353458,686651],[353522,686553],[353424,686597]]],[[[351229,686785],[351494,686777],[351183,686728],[351229,686785]]],[[[351261,687063],[351372,686916],[351194,686795],[351261,687063]]],[[[355106,686935],[355415,687114],[355345,686845],[355106,686935]]],[[[354476,702172],[354491,702144],[354442,702102],[354476,702172]]],[[[323142,719144],[322918,718908],[321668,718774],[323142,719144]]],[[[356645,866634],[356686,866641],[356649,866608],[356645,866634]]],[[[355083,867103],[355082,867010],[355056,867010],[355083,867103]]],[[[355293,867071],[355325,867075],[355298,867039],[355293,867071]]],[[[355093,867019],[355107,867111],[355116,867017],[355093,867019]]],[[[355245,867093],[355262,867078],[355231,867038],[355245,867093]]],[[[355392,867108],[355413,867073],[355357,867069],[355392,867108]]],[[[354943,867116],[354924,867141],[354960,867197],[354943,867116]]],[[[349487,868900],[349484,868861],[349379,868817],[349487,868900]]],[[[319897,871972],[319771,871890],[319518,871889],[319897,871972]]],[[[313381,924017],[313392,924021],[313403,924007],[313391,923996],[313381,924017]]],[[[313414,924238],[313460,924232],[313407,924221],[313414,924238]]],[[[321026,932887],[321074,932914],[321066,932867],[321026,932887]]],[[[327351,935392],[327409,935377],[327278,935340],[327351,935392]]],[[[327381,935413],[327435,935430],[327433,935411],[327381,935413]]],[[[328561,935758],[328481,935753],[328521,935782],[328561,935758]]],[[[328701,935860],[328549,935788],[328623,935855],[328701,935860]]],[[[329913,937365],[330005,937372],[329927,937284],[329913,937365]]],[[[336737,962675],[336756,962689],[336776,962636],[336737,962675]]],[[[337990,964500],[337995,964483],[337911,964445],[337990,964500]]],[[[316910,969771],[316986,969891],[316938,969746],[316910,969771]]],[[[322121,974312],[322147,974277],[322127,974249],[322121,974312]]],[[[328973,974567],[329047,974581],[329051,974540],[328973,974567]]],[[[326782,974609],[326829,974626],[326850,974555],[326782,974609]]],[[[329139,974881],[329248,974887],[329201,974864],[329139,974881]]],[[[330982,975342],[331007,975289],[330995,975284],[330982,975342]]],[[[331073,975393],[331024,975382],[331060,975419],[331073,975393]]],[[[331113,975455],[331082,975437],[331102,975479],[331113,975455]]],[[[331078,975587],[331088,975630],[331104,975548],[331078,975587]]],[[[331034,975601],[331038,975678],[331087,975561],[331034,975601]]],[[[347285,976700],[347389,976665],[347244,976582],[347285,976700]]],[[[348539,977551],[348596,977573],[348581,977527],[348539,977551]]],[[[335436,979280],[335887,978171],[336291,977953],[335979,976489],[334047,976026],[334993,979020],[335436,979280]],[[335951,976566],[335968,976608],[335888,976571],[335951,976566]],[[334735,977645],[334849,977686],[334759,977705],[334735,977645]]],[[[345992,978202],[346866,978490],[347041,978240],[346790,977970],[345992,978202]]],[[[346011,978377],[346044,978393],[346027,978367],[346011,978377]]],[[[335662,978899],[335702,978886],[335640,978864],[335662,978899]]],[[[343652,983168],[343644,982867],[343431,982786],[343652,983168]]],[[[338235,983499],[338313,983522],[338248,983414],[338235,983499]]],[[[338494,983546],[338500,983574],[338539,983573],[338494,983546]]],[[[338008,983676],[338050,983726],[338035,983638],[338008,983676]]],[[[338884,983739],[338943,983764],[338934,983724],[338884,983739]]],[[[338109,984060],[338070,983990],[338052,983988],[338109,984060]]],[[[339324,985407],[339138,984041],[338118,983671],[339324,985407]]],[[[339186,985440],[339213,985457],[339231,985428],[339186,985440]]],[[[328376,988119],[328391,988090],[328318,988073],[328376,988119]]],[[[330844,988444],[330903,988473],[330869,988438],[330844,988444]]],[[[329642,988952],[329668,988940],[329634,988932],[329642,988952]]],[[[336937,991231],[336531,990431],[336071,990536],[335794,990595],[336937,991231]]],[[[338480,995624],[335821,994916],[336480,993990],[337918,994288],[337716,992347],[336517,993061],[336152,992407],[334323,992700],[334133,994558],[338364,996271],[338480,995624]]],[[[339814,995781],[339836,995705],[339741,995685],[339814,995781]]],[[[332736,994532],[331919,996144],[332577,997162],[333746,995131],[332736,994532]]],[[[338420,996910],[338464,996687],[337738,996563],[338420,996910]]],[[[343027,996538],[343406,997038],[344814,997372],[343461,996137],[343027,996538]]],[[[329029,989260],[329540,988255],[328964,987786],[327830,988903],[325107,988558],[323688,990630],[323375,992983],[321021,995225],[320557,998651],[317341,999207],[319332,1004731],[322202,1005780],[323779,1005248],[324406,1002820],[326048,1002693],[330206,999555],[329100,998774],[330975,996755],[330199,995010],[331052,995186],[330496,993895],[332510,993189],[330562,991422],[328078,991031],[327303,989488],[328627,989081],[330203,990939],[333510,991571],[334313,991065],[333397,989374],[334678,989319],[331396,988327],[329029,989260]]],[[[331473,997632],[330848,997485],[330895,998494],[331473,997632]]],[[[333412,999347],[332682,998868],[332250,999722],[332152,1000591],[333412,999347]]],[[[354846,1003070],[354897,1003045],[354814,1003007],[354846,1003070]]],[[[331523,1003422],[331781,1003054],[331453,1003033],[331523,1003422]]],[[[354105,1004222],[354143,1004254],[354140,1004210],[354105,1004222]]],[[[337978,1005073],[337965,1005010],[337871,1004926],[337978,1005073]]],[[[323973,1005228],[324124,1005022],[324012,1005002],[323973,1005228]]],[[[324101,1005382],[324283,1005150],[324177,1005085],[324101,1005382]]],[[[324497,1006442],[326837,1006087],[327154,1004747],[324937,1004839],[324497,1006442]]],[[[323930,1005719],[324065,1005686],[324161,1005487],[323930,1005719]]],[[[338239,1006254],[338295,1006246],[338147,1006189],[338239,1006254]]],[[[353375,1006570],[353430,1006643],[353453,1006511],[353375,1006570]]],[[[339545,1012298],[340428,1014046],[342582,1013987],[344985,1011252],[346559,1014532],[346817,1013571],[348445,1013887],[347493,1012114],[349068,1011872],[347242,1010962],[347648,1008637],[349272,1008492],[350949,1011324],[352657,1010691],[354189,1011928],[354556,1008963],[352943,1009141],[351298,1008185],[352609,1005534],[352260,1004475],[351553,1004645],[352597,1004002],[352971,1004875],[353964,1004869],[353700,1004213],[354824,1003409],[354861,1006156],[353765,1007016],[358959,1009758],[359636,1008819],[358705,1005781],[359071,1003929],[357067,1004310],[356202,1003120],[354821,1003294],[352379,998727],[350818,1000822],[349165,1001777],[348406,1001265],[349169,1000600],[347443,998331],[349078,998811],[348835,996751],[350602,996505],[347787,995062],[349403,992746],[348336,992736],[346316,990012],[346855,988751],[345745,987009],[347496,985485],[347037,983432],[344371,982879],[344220,984142],[343576,983870],[342678,985559],[343416,986352],[343504,989119],[342635,989251],[341056,991531],[341777,992171],[342353,990675],[343829,992711],[343295,992047],[342150,993692],[340225,992888],[341608,994406],[342896,993807],[344453,994713],[344786,993566],[347549,994854],[347746,995698],[346231,995369],[344552,996513],[345938,997419],[347410,996889],[346820,999251],[348470,1000695],[347660,1001360],[346421,1000748],[344103,1006283],[344303,1008565],[343535,1008798],[342019,1006852],[340154,1006080],[337325,1006714],[337956,1005167],[336181,1005491],[335015,1003852],[333476,1004284],[332094,1003352],[331729,1004094],[330836,1003386],[329018,1006875],[329347,1009526],[328080,1010593],[328417,1011106],[327882,1011340],[327424,1009055],[325905,1008995],[325894,1009776],[324954,1007673],[322128,1009422],[321504,1013190],[322144,1014398],[321980,1016684],[322748,1017515],[322197,1018535],[323258,1018842],[323563,1019386],[322717,1020193],[322945,1024263],[322834,1024454],[322592,1024481],[322326,1024873],[324533,1026969],[324270,1028440],[329113,1030157],[331560,1030336],[337388,1026228],[338662,1026793],[338849,1025688],[339883,1025364],[340206,1024362],[339223,1023700],[342302,1021626],[342595,1019024],[342007,1017308],[338966,1018421],[339658,1017032],[339170,1015642],[338029,1015687],[336807,1014147],[335985,1014488],[335558,1014237],[336244,1013584],[339545,1012298]],[[334732,1027832],[334765,1027839],[334744,1027861],[334732,1027832]],[[334628,1027926],[334598,1027947],[334605,1027930],[334628,1027926]],[[324960,1028524],[324972,1028564],[324955,1028575],[324960,1028524]],[[325764,1028829],[325795,1028840],[325749,1028841],[325764,1028829]],[[347026,998592],[347056,998603],[347007,998631],[347026,998592]],[[348266,999492],[348271,999600],[348209,999551],[348266,999492]],[[359424,1008855],[359436,1008865],[359427,1008866],[359424,1008855]],[[359435,1008891],[359438,1008919],[359422,1008903],[359435,1008891]]],[[[325404,1006650],[325471,1006684],[325506,1006561],[325404,1006650]]],[[[353549,1006631],[353463,1006649],[353608,1006658],[353549,1006631]]],[[[352492,1007142],[352564,1007115],[352544,1007093],[352492,1007142]]],[[[352396,1007271],[352444,1007296],[352414,1007248],[352396,1007271]]],[[[352453,1007317],[352493,1007328],[352495,1007306],[352453,1007317]]],[[[352378,1007332],[352426,1007355],[352407,1007301],[352378,1007332]]],[[[323280,1007952],[323301,1008076],[323346,1007939],[323280,1007952]]],[[[325886,1008706],[325891,1008830],[326000,1008592],[325886,1008706]]],[[[347955,1008954],[347983,1008926],[347891,1008858],[347955,1008954]]],[[[354497,1009953],[354528,1009953],[354509,1009931],[354497,1009953]]],[[[354489,1010129],[354517,1010146],[354509,1010093],[354489,1010129]]],[[[354448,1010213],[354460,1010225],[354465,1010209],[354448,1010213]]],[[[354396,1011121],[354404,1011110],[354383,1011093],[354396,1011121]]],[[[351832,1011168],[351890,1011153],[351840,1011142],[351832,1011168]]],[[[351736,1011290],[351786,1011298],[351711,1011235],[351736,1011290]]],[[[351611,1011418],[351720,1011318],[351424,1011243],[351611,1011418]]],[[[354360,1011365],[354355,1011336],[354350,1011348],[354360,1011365]]],[[[354326,1011483],[354316,1011478],[354308,1011579],[354326,1011483]]],[[[337620,1013406],[337980,1013693],[338139,1013403],[337620,1013406]]],[[[345801,1013679],[345823,1013692],[345834,1013648],[345801,1013679]]],[[[345836,1013806],[345836,1013731],[345807,1013725],[345836,1013806]]],[[[338779,1013694],[338890,1014257],[339244,1014005],[339069,1013637],[338779,1013694]]],[[[346166,1014769],[346207,1014945],[346213,1014728],[346166,1014769]]],[[[321726,1014898],[321764,1014889],[321744,1014862],[321726,1014898]]],[[[321605,1015163],[321703,1015184],[321635,1015141],[321605,1015163]]],[[[321884,1015352],[321894,1015363],[321894,1015347],[321884,1015352]]],[[[348022,1015721],[348606,1015798],[348384,1014945],[348022,1015721]]],[[[321800,1015643],[321838,1015623],[321790,1015600],[321800,1015643]]],[[[321780,1015751],[321806,1015760],[321796,1015744],[321780,1015751]]],[[[321777,1015810],[321802,1015807],[321758,1015770],[321777,1015810]]],[[[321848,1015836],[321866,1015823],[321805,1015811],[321848,1015836]]],[[[321902,1015888],[321925,1015870],[321881,1015839],[321902,1015888]]],[[[346698,1018422],[346714,1018529],[346829,1018548],[346698,1018422]]],[[[322298,1018622],[322314,1018606],[322255,1018586],[322298,1018622]]],[[[352254,1014849],[350923,1016242],[348877,1016193],[348370,1016867],[347834,1016157],[346489,1016301],[348371,1021498],[348917,1019884],[350634,1018705],[350197,1019308],[352065,1020120],[351947,1021398],[354111,1022549],[354133,1020460],[352811,1018065],[353861,1016014],[352254,1014849]]],[[[345854,1019698],[345948,1019817],[345954,1019520],[345854,1019698]]],[[[345726,1019720],[345799,1019771],[345799,1019625],[345726,1019720]]],[[[346509,1019772],[346558,1019664],[346463,1019645],[346509,1019772]]],[[[345809,1019874],[345865,1019885],[345817,1019762],[345809,1019874]]],[[[343453,1020454],[343498,1020393],[343458,1020340],[343453,1020454]]],[[[345081,1020702],[345160,1020814],[345133,1020529],[345081,1020702]]],[[[342750,1020643],[342886,1020781],[342939,1020639],[342750,1020643]]],[[[351939,1021517],[351956,1021541],[351985,1021476],[351939,1021517]]],[[[348586,1021964],[348776,1021713],[348709,1021526],[348586,1021964]]],[[[344844,1023049],[345546,1021158],[344983,1021901],[344266,1020981],[343195,1022589],[344844,1023049]]],[[[345333,1022983],[345643,1023054],[345796,1022858],[345462,1022604],[345333,1022983]]],[[[322718,1024293],[322824,1024403],[322878,1024146],[322718,1024293]]],[[[345450,1026977],[345627,1026120],[344723,1025282],[343955,1025631],[342177,1025596],[345450,1026977]]],[[[352659,1026133],[352472,1026109],[352631,1026287],[352659,1026133]]],[[[347681,1026526],[347710,1026496],[347673,1026470],[347681,1026526]]],[[[347470,1026582],[347514,1026592],[347510,1026484],[347470,1026582]]],[[[347405,1026594],[347417,1026574],[347407,1026547],[347405,1026594]]],[[[347448,1026609],[347463,1026648],[347472,1026592],[347448,1026609]]],[[[347629,1026692],[347646,1026729],[347638,1026686],[347629,1026692]]],[[[323982,1026699],[324000,1026725],[324000,1026691],[323982,1026699]]],[[[352369,1027210],[352763,1027632],[352728,1026627],[352369,1027210]]],[[[347594,1027164],[347594,1027146],[347570,1027133],[347594,1027164]]],[[[324311,1027132],[324413,1027234],[324458,1027118],[324311,1027132]]],[[[324162,1027254],[324173,1027251],[324162,1027233],[324162,1027254]]],[[[324180,1027264],[324197,1027241],[324177,1027231],[324180,1027264]]],[[[324105,1027391],[324112,1027423],[324131,1027356],[324105,1027391]]],[[[324088,1027508],[324106,1027575],[324108,1027435],[324088,1027508]]],[[[324151,1027477],[324156,1027559],[324166,1027540],[324151,1027477]]],[[[336964,1028233],[337005,1028245],[337018,1028166],[336964,1028233]]],[[[323383,1028583],[323651,1028690],[324032,1028442],[323510,1028243],[323383,1028583]]],[[[336083,1028583],[336145,1028585],[336113,1028512],[336083,1028583]]],[[[325005,1028767],[325031,1028780],[325024,1028720],[325005,1028767]]],[[[347879,1028970],[347921,1028975],[347892,1028892],[347879,1028970]]],[[[337529,1029120],[337568,1029096],[337528,1029079],[337529,1029120]]],[[[336535,1029375],[336133,1028608],[335521,1028914],[335691,1029621],[336535,1029375]]],[[[346403,1028470],[346272,1031379],[346897,1031851],[348177,1031122],[347418,1026825],[346403,1028470]]],[[[337391,1029502],[337439,1029499],[337416,1029478],[337391,1029502]]],[[[337269,1029605],[337323,1029587],[337333,1029538],[337269,1029605]]],[[[336635,1029598],[336588,1029743],[336855,1029530],[336635,1029598]]],[[[336574,1029824],[336634,1029791],[336601,1029765],[336574,1029824]]],[[[336557,1029906],[336587,1029869],[336550,1029832],[336557,1029906]]],[[[346041,1030390],[346067,1030367],[346044,1030351],[346041,1030390]]],[[[345572,1032222],[344892,1032467],[344135,1031125],[344845,1027986],[343027,1027122],[340563,1027092],[337562,1029268],[336170,1032307],[338725,1035225],[340071,1034989],[340111,1033451],[340857,1032890],[343295,1032788],[344711,1033829],[345647,1032967],[345572,1032222]]],[[[336290,1031195],[336289,1031226],[336334,1031192],[336290,1031195]]],[[[352910,1031422],[353005,1031570],[352970,1031051],[352910,1031422]]],[[[345463,1031565],[345782,1031740],[345745,1031043],[345463,1031565]]],[[[336347,1031473],[336380,1031515],[336379,1031464],[336347,1031473]]],[[[347951,1031535],[347962,1031499],[347907,1031475],[347951,1031535]]],[[[347882,1031620],[347848,1031545],[347825,1031617],[347882,1031620]]],[[[347424,1032546],[347725,1032712],[347465,1032296],[347424,1032546]]],[[[356308,1034169],[356813,1030440],[357820,1029214],[355918,1028897],[354992,1028184],[354671,1030628],[353013,1031918],[352805,1033758],[353055,1034509],[354212,1033248],[355540,1033903],[355030,1039090],[357038,1040615],[356569,1038609],[358205,1037055],[356899,1036103],[357107,1034672],[356308,1034169]]],[[[351301,1036227],[351460,1036061],[351286,1035711],[351301,1036227]]],[[[352902,1038098],[353204,1035375],[352711,1036573],[352673,1037915],[352902,1038098]]],[[[348396,1038093],[348508,1038161],[348496,1037974],[348396,1038093]]],[[[348562,1038399],[348659,1038352],[348617,1038274],[348562,1038399]]],[[[348836,1038750],[348834,1038766],[348876,1038741],[348836,1038750]]],[[[352652,1039759],[352964,1038757],[352745,1038374],[352652,1039759]]],[[[349089,1039219],[349165,1039155],[349040,1039149],[349089,1039219]]],[[[354149,1039701],[354067,1039814],[354090,1039932],[354149,1039701]]],[[[344121,1040136],[344236,1040239],[344314,1039973],[344121,1040136]]],[[[344325,1040616],[344464,1040532],[344295,1040418],[344325,1040616]]],[[[357002,1040798],[356986,1040677],[356944,1040672],[357002,1040798]]],[[[344222,1041644],[344230,1041654],[344261,1041620],[344222,1041644]]],[[[344398,1041756],[344437,1041667],[344381,1041582],[344398,1041756]]],[[[344058,1041778],[344112,1041725],[344043,1041671],[344058,1041778]]],[[[344212,1041709],[344275,1041847],[344277,1041629],[344212,1041709]]],[[[348374,1041819],[348398,1041857],[348385,1041798],[348374,1041819]]],[[[344278,1042299],[344290,1042224],[344235,1042118],[344278,1042299]]],[[[350390,1042934],[350437,1042970],[350423,1042903],[350390,1042934]]],[[[346209,1043662],[346164,1043649],[346188,1043686],[346209,1043662]]],[[[346030,1044054],[346107,1043949],[346083,1043915],[346030,1044054]]],[[[349779,1045264],[349837,1045340],[349826,1045142],[349779,1045264]]],[[[349289,1041232],[347221,1044710],[345344,1045236],[346053,1043304],[344402,1042819],[344026,1041844],[341690,1043928],[341987,1046464],[339321,1050107],[341268,1049015],[341799,1049705],[343055,1049450],[344366,1050329],[344610,1052375],[345966,1052984],[346409,1051790],[344966,1050924],[345942,1050531],[345725,1049430],[344166,1049260],[344112,1048023],[344718,1048423],[345626,1047213],[346492,1047563],[346589,1046693],[347977,1046071],[348620,1046724],[349811,1044716],[349884,1042525],[351441,1042619],[352346,1040319],[351073,1040856],[349683,1038267],[350211,1041343],[349289,1041232]],[[343827,1042078],[343770,1042145],[343789,1042099],[343827,1042078]],[[341511,1047275],[341535,1047315],[341463,1047296],[341511,1047275]]],[[[349969,1045731],[350026,1045776],[349991,1045659],[349969,1045731]]],[[[350197,1045993],[350202,1045820],[350044,1045819],[350197,1045993]]],[[[339119,1050169],[339147,1050107],[339085,1050010],[339119,1050169]]],[[[339063,1050232],[339082,1050188],[339049,1050120],[339063,1050232]]],[[[350489,1052365],[350986,1051910],[350746,1051350],[350489,1052365]]],[[[346884,1051874],[346932,1051922],[346898,1051838],[346884,1051874]]],[[[350182,1055839],[350705,1054111],[349557,1052286],[350222,1050110],[349761,1049103],[349087,1049701],[348583,1048892],[348281,1051789],[350182,1055839]]],[[[349737,1052457],[349762,1052464],[349714,1052392],[349737,1052457]]],[[[346959,1052518],[347016,1052510],[346950,1052449],[346959,1052518]]],[[[350208,1052506],[350341,1052553],[350359,1052482],[350208,1052506]]],[[[347030,1052667],[347012,1052594],[346963,1052562],[347030,1052667]]],[[[349410,1054848],[349479,1054858],[349463,1054815],[349410,1054848]]],[[[391984,649523],[392408,649370],[392216,649354],[391984,649523]]],[[[360079,687467],[360350,687570],[360230,687170],[360079,687467]]],[[[365964,698777],[366013,698765],[365965,698722],[365964,698777]]],[[[365516,699087],[365271,699808],[366282,698840],[365516,699087]]],[[[364898,700010],[365192,700074],[365370,699824],[364898,700010]]],[[[365012,700184],[365154,700097],[364890,700103],[365012,700184]]],[[[370652,748211],[370730,748267],[370663,748122],[370652,748211]]],[[[380869,767633],[380967,767630],[380964,767529],[380869,767633]]],[[[383537,771194],[383504,771164],[383521,771235],[383537,771194]]],[[[388077,783069],[388132,783116],[388160,782987],[388077,783069]]],[[[395228,800207],[395327,800228],[395286,800179],[395228,800207]]],[[[395769,800807],[395767,800764],[395717,800742],[395769,800807]]],[[[395662,800851],[395669,800857],[395670,800836],[395662,800851]]],[[[395713,801236],[395713,801213],[395687,801209],[395713,801236]]],[[[395641,801271],[395648,801287],[395669,801264],[395641,801271]]],[[[395670,801427],[395713,801416],[395688,801410],[395670,801427]]],[[[396492,802569],[396495,802552],[396454,802540],[396492,802569]]],[[[396675,803028],[396744,803043],[396715,803018],[396675,803028]]],[[[396789,803277],[396802,803254],[396737,803234],[396789,803277]]],[[[396928,803817],[396968,803860],[396973,803806],[396928,803817]]],[[[397083,804110],[397134,804101],[397066,804071],[397083,804110]]],[[[400238,825601],[400262,825526],[400097,825444],[400238,825601]]],[[[402831,826714],[402853,826706],[402836,826672],[402831,826714]]],[[[402960,826820],[402980,826790],[402933,826766],[402960,826820]]],[[[402985,827202],[403000,827212],[403013,827188],[402985,827202]]],[[[403244,827451],[403251,827422],[403237,827414],[403244,827451]]],[[[403309,827456],[403318,827476],[403323,827430],[403309,827456]]],[[[403609,827714],[403629,827707],[403612,827656],[403609,827714]]],[[[404756,829311],[404796,829328],[404809,829301],[404756,829311]]],[[[404772,829366],[404818,829363],[404786,829357],[404772,829366]]],[[[405442,830000],[405458,830018],[405451,829994],[405442,830000]]],[[[405447,830353],[405487,830365],[405490,830347],[405447,830353]]],[[[406426,831235],[406433,831242],[406433,831233],[406426,831235]]],[[[406507,831412],[406514,831399],[406502,831397],[406507,831412]]],[[[406981,831644],[407005,831651],[406973,831599],[406981,831644]]],[[[407129,831789],[407126,831824],[407142,831831],[407129,831789]]],[[[407223,832007],[407260,832022],[407244,831977],[407223,832007]]],[[[407505,832037],[407500,832033],[407495,832044],[407505,832037]]],[[[407472,832083],[407469,832076],[407465,832086],[407472,832083]]],[[[407459,832157],[407498,832166],[407501,832144],[407459,832157]]],[[[407779,832525],[407853,832547],[407786,832466],[407779,832525]]],[[[408523,833041],[408544,833034],[408550,833016],[408523,833041]]],[[[409041,833089],[409088,833031],[409013,832997],[409041,833089]]],[[[408392,833110],[408420,833114],[408414,833097],[408392,833110]]],[[[409721,835469],[409745,835475],[409735,835460],[409721,835469]]],[[[409607,835489],[409645,835488],[409633,835447],[409607,835489]]],[[[409768,835486],[409864,835503],[409769,835462],[409768,835486]]],[[[409519,835520],[409569,835515],[409522,835508],[409519,835520]]],[[[409831,835537],[409866,835560],[409840,835529],[409831,835537]]],[[[410135,835931],[410120,835881],[410038,835878],[410135,835931]]],[[[410159,835889],[410154,835917],[410201,835920],[410159,835889]]],[[[410151,836019],[410181,836008],[410150,835965],[410151,836019]]],[[[410306,836206],[410370,836235],[410327,836193],[410306,836206]]],[[[410373,836230],[410418,836251],[410400,836215],[410373,836230]]],[[[410855,837286],[410912,837280],[411095,837138],[410978,837117],[410855,837286]]],[[[411168,838250],[411193,838249],[411181,838237],[411168,838250]]],[[[410986,838376],[411046,838397],[411055,838357],[410986,838376]]],[[[411099,838436],[411138,838437],[411118,838421],[411099,838436]]],[[[411523,838744],[411563,838752],[411557,838733],[411523,838744]]],[[[412226,839876],[412268,839866],[412225,839840],[412226,839876]]],[[[412349,840073],[412398,840074],[412346,840033],[412349,840073]]],[[[412246,840214],[412276,840231],[412256,840184],[412246,840214]]],[[[412301,840411],[412382,840383],[412299,840381],[412301,840411]]],[[[413285,841279],[413306,841190],[413222,841160],[413285,841279]]],[[[413823,842214],[413534,842173],[413740,842388],[413823,842214]]],[[[413666,842737],[413713,842700],[413671,842670],[413666,842737]]],[[[413991,843179],[414007,843225],[414037,843166],[413991,843179]]],[[[373241,864648],[373295,864700],[373240,864612],[373241,864648]]],[[[372530,864777],[372512,864719],[372476,864686],[372530,864777]]],[[[373774,864774],[373766,864746],[373717,864718],[373774,864774]]],[[[368643,864795],[368665,864776],[368631,864751],[368643,864795]]],[[[372000,864825],[372003,864768],[371974,864738],[372000,864825]]],[[[372771,864814],[372721,864762],[372691,864760],[372771,864814]]],[[[373737,864822],[373705,864762],[373659,864757],[373737,864822]]],[[[371821,864845],[371847,864812],[371816,864807],[371821,864845]]],[[[372522,864795],[372566,864865],[372537,864791],[372522,864795]]],[[[372933,864812],[372962,864862],[372954,864809],[372933,864812]]],[[[372751,864839],[372789,864855],[372772,864824],[372751,864839]]],[[[371011,864931],[371028,864926],[371000,864875],[371011,864931]]],[[[388425,864952],[388456,864956],[388445,864901],[388425,864952]]],[[[370736,865010],[370791,864976],[370667,864933],[370736,865010]]],[[[371088,865000],[371126,865000],[371098,864958],[371088,865000]]],[[[370504,865031],[370527,865035],[370498,864970],[370504,865031]]],[[[379751,865094],[379801,865161],[379766,864972],[379751,865094]]],[[[379778,865245],[379813,865258],[379786,865170],[379778,865245]]],[[[387628,865458],[387681,865452],[387672,865428],[387628,865458]]],[[[386853,865631],[386898,865651],[386871,865552],[386853,865631]]],[[[365136,865688],[365197,865659],[365186,865624],[365136,865688]]],[[[386394,865656],[386435,865709],[386461,865626],[386394,865656]]],[[[380824,866592],[380821,866555],[380772,866501],[380824,866592]]],[[[381124,866819],[381145,866844],[381119,866783],[381124,866819]]],[[[400040,866886],[400137,866915],[400159,866859],[400040,866886]]],[[[381095,866886],[381117,866919],[381125,866880],[381095,866886]]],[[[382798,867244],[382821,867279],[382831,867220],[382798,867244]]],[[[361832,1001771],[360667,1000673],[360709,1001530],[361832,1001771]]],[[[359653,1001343],[359557,1001280],[359577,1001578],[359653,1001343]]],[[[359832,1001498],[359857,1001525],[359867,1001510],[359832,1001498]]],[[[359594,1001610],[359647,1001926],[360066,1001930],[359913,1001548],[359594,1001610]]],[[[359340,1001969],[359467,1002078],[359507,1001956],[359340,1001969]]],[[[362143,1002780],[362277,1002852],[362173,1002721],[362143,1002780]]],[[[359118,1003954],[359201,1003961],[359207,1003921],[359118,1003954]]],[[[359549,1006372],[359811,1006482],[359612,1006268],[359549,1006372]]],[[[359234,1007430],[359299,1007471],[359275,1007424],[359234,1007430]]],[[[359314,1007535],[359329,1007534],[359293,1007504],[359314,1007535]]],[[[359638,1008797],[359677,1008839],[359672,1008789],[359638,1008797]]],[[[359678,1008809],[359738,1008859],[359709,1008797],[359678,1008809]]],[[[367986,1016016],[367997,1016052],[368003,1016007],[367986,1016016]]],[[[367127,1016977],[367951,1016458],[367986,1016081],[367217,1015465],[367127,1016977]]],[[[366782,1016464],[366824,1016500],[366819,1016464],[366782,1016464]]],[[[366763,1016800],[366787,1016813],[366751,1016724],[366763,1016800]]],[[[366600,1016864],[366621,1016847],[366555,1016732],[366600,1016864]]],[[[367703,1019774],[367451,1020000],[367610,1020085],[367703,1019774]]],[[[369896,1022972],[369928,1022988],[369900,1022929],[369896,1022972]]],[[[368621,1024382],[368681,1024399],[368650,1024347],[368621,1024382]]],[[[368617,1024427],[368655,1024427],[368625,1024393],[368617,1024427]]],[[[368565,1024919],[368614,1024929],[368613,1024720],[368565,1024919]]],[[[362423,1023900],[363186,1022455],[362778,1021186],[360686,1021280],[361732,1024839],[364044,1024980],[364589,1025896],[361472,1029806],[362705,1029618],[363983,1030711],[364831,1029807],[363731,1030051],[364348,1028655],[367308,1028517],[365455,1027958],[365345,1026654],[366561,1025394],[369364,1026262],[368433,1025068],[368701,1023597],[369897,1023011],[369243,1021110],[367578,1022054],[367059,1021119],[365366,1020749],[365453,1023517],[363866,1024721],[362423,1023900]],[[369732,1022801],[369834,1022894],[369713,1022850],[369732,1022801]]],[[[369014,1026603],[369065,1026535],[369010,1026495],[369014,1026603]]],[[[362063,1028309],[362092,1027011],[361348,1027149],[361126,1027797],[362063,1028309]],[[361792,1027890],[361817,1027967],[361764,1027959],[361792,1027890]]],[[[366172,1028679],[366199,1028646],[366169,1028643],[366172,1028679]]],[[[364786,1029052],[364839,1029047],[364803,1029025],[364786,1029052]]],[[[364697,1029114],[364766,1029133],[364767,1029093],[364697,1029114]]],[[[364623,1029449],[364648,1029436],[364556,1029389],[364623,1029449]]],[[[364376,1029474],[364467,1029480],[364448,1029423],[364376,1029474]]],[[[364564,1029482],[364631,1029460],[364469,1029427],[364564,1029482]]],[[[366848,1030031],[366993,1029185],[365798,1029167],[365619,1029586],[366848,1030031]]],[[[365032,1029586],[365060,1029648],[365094,1029616],[365032,1029586]]],[[[360644,1030203],[360697,1030488],[360818,1030162],[360644,1030203]]],[[[363083,1031711],[362981,1030966],[362613,1031073],[363083,1031711]]],[[[360316,1031835],[360328,1031763],[360211,1031893],[360316,1031835]]],[[[360502,1032172],[360478,1032046],[360421,1032040],[360502,1032172]]],[[[360688,1032531],[360725,1032392],[360577,1032348],[360688,1032531]]],[[[366380,1037546],[366563,1037459],[366418,1037178],[366380,1037546]]],[[[359602,1038709],[359623,1038689],[359549,1038605],[359602,1038709]]],[[[359578,1038732],[359606,1038747],[359628,1038726],[359578,1038732]]],[[[357924,1040288],[359141,1038781],[358969,1038346],[357505,1038801],[357924,1040288]]],[[[365437,1039126],[364111,1039171],[362762,1036146],[361934,1035961],[361600,1034046],[360796,1035471],[360383,1033341],[360384,1037372],[361358,1037227],[362654,1039638],[366309,1042653],[365053,1045496],[365615,1044934],[368321,1046696],[369950,1046387],[368402,1044684],[368591,1043393],[367612,1043602],[366837,1042136],[368314,1041657],[368471,1042423],[369053,1041638],[372436,1044702],[374421,1044917],[374637,1046445],[376070,1047418],[376362,1044635],[377850,1043645],[375993,1043250],[375231,1044207],[372798,1043494],[370472,1039407],[371290,1038495],[371145,1037486],[370205,1038715],[370965,1040747],[370250,1041364],[369400,1040570],[370156,1039140],[367841,1039023],[367549,1037267],[366931,1037810],[367201,1039131],[368105,1039241],[367573,1039961],[365742,1038226],[365437,1039126]],[[367747,1046000],[367822,1046012],[367803,1046072],[367747,1046000]]],[[[357000,1040712],[357038,1040781],[357027,1040701],[357000,1040712]]],[[[357096,1040908],[357116,1040936],[357107,1040889],[357096,1040908]]],[[[368455,1042453],[368527,1042629],[368682,1042304],[368455,1042453]]],[[[368661,1042990],[368601,1042893],[368611,1042948],[368661,1042990]]],[[[377967,1043638],[378615,1043912],[378747,1043707],[378654,1043350],[377967,1043638]]],[[[377799,1043883],[377853,1043855],[377802,1043817],[377799,1043883]]],[[[378105,1043959],[378096,1043860],[377970,1043874],[378105,1043959]]],[[[370032,1045662],[370040,1045603],[370010,1045598],[370032,1045662]]],[[[369994,1045686],[369996,1045751],[370010,1045669],[369994,1045686]]],[[[364889,1046185],[365091,1045930],[365022,1045712],[364889,1046185]]],[[[370333,1046077],[370327,1046028],[370306,1046070],[370333,1046077]]],[[[370274,1046138],[370302,1046170],[370300,1046085],[370274,1046138]]],[[[370360,1046274],[370406,1046237],[370338,1046113],[370360,1046274]]],[[[364866,1046861],[364939,1046544],[364630,1046534],[364866,1046861]]],[[[367802,1046784],[367858,1046871],[367937,1046764],[367802,1046784]]],[[[370214,1046914],[370336,1046947],[370406,1046839],[370214,1046914]]],[[[368008,1047091],[368143,1046940],[367961,1046924],[368008,1047091]]],[[[368123,1047220],[368167,1047154],[368085,1047117],[368123,1047220]]],[[[368057,1047759],[368089,1047734],[368075,1047609],[368057,1047759]]],[[[367982,1047776],[368011,1047802],[368013,1047696],[367982,1047776]]],[[[377152,1055446],[378404,1056339],[378946,1055166],[376823,1054509],[377424,1052184],[376192,1051328],[375634,1052422],[374566,1052338],[375535,1055643],[376753,1056021],[377152,1055446]]],[[[376831,1056128],[376891,1056124],[376865,1056080],[376831,1056128]]],[[[378077,1056296],[378096,1056276],[378079,1056266],[378077,1056296]]],[[[378328,1056488],[378364,1056514],[378377,1056441],[378328,1056488]]],[[[378143,1056521],[378237,1056599],[378246,1056481],[378143,1056521]]],[[[378313,1056575],[378367,1056589],[378324,1056516],[378313,1056575]]],[[[378146,1056994],[378149,1056946],[378084,1056892],[378146,1056994]]],[[[396368,1136535],[396449,1136487],[396427,1136482],[396368,1136535]]],[[[397885,1139443],[397352,1137218],[396539,1136121],[396520,1136531],[396385,1136646],[393619,1138831],[393872,1140162],[396012,1141469],[397187,1141357],[397885,1139443]],[[397357,1137460],[397365,1137390],[397387,1137438],[397357,1137460]],[[397677,1139858],[397701,1139862],[397679,1139887],[397677,1139858]],[[396883,1141211],[396932,1141261],[396890,1141255],[396883,1141211]]],[[[393584,1139733],[393669,1139768],[393584,1139686],[393584,1139733]]],[[[395383,1141378],[395525,1141397],[395362,1141314],[395383,1141378]]],[[[396007,1141512],[396058,1141515],[396068,1141480],[396007,1141512]]],[[[395783,1141530],[395800,1141554],[395840,1141497],[395783,1141530]]],[[[395935,1141590],[395947,1141628],[395986,1141587],[395935,1141590]]],[[[416864,1152131],[416955,1152191],[416901,1152109],[416864,1152131]]],[[[416477,1152243],[416491,1152289],[416506,1152260],[416477,1152243]]],[[[416782,1153353],[416863,1153238],[416785,1153229],[416782,1153353]]],[[[417011,1153903],[417015,1153927],[417089,1153875],[417011,1153903]]],[[[416401,1159172],[416499,1159206],[416449,1159167],[416401,1159172]]],[[[415467,1159351],[415529,1159391],[415613,1159266],[415467,1159351]]],[[[415311,1159870],[415378,1159884],[415409,1159831],[415311,1159870]]],[[[415410,1159879],[415476,1159895],[415433,1159848],[415410,1159879]]],[[[416288,1159961],[416319,1159905],[416224,1159883],[416288,1159961]]],[[[415419,1159946],[415452,1159928],[415366,1159909],[415419,1159946]]],[[[414980,1160581],[415034,1160644],[415032,1160566],[414980,1160581]]],[[[416641,1161993],[416867,1161390],[417161,1162102],[417364,1160860],[417811,1161822],[418725,1161581],[417976,1160566],[418814,1160024],[417169,1159014],[416126,1159409],[416838,1160078],[416329,1160604],[415626,1159560],[415546,1160297],[414619,1160966],[414892,1162431],[416120,1161850],[416674,1162327],[416641,1161993]],[[416427,1162041],[416492,1162070],[416446,1162126],[416427,1162041]]],[[[414869,1160773],[414851,1160731],[414830,1160791],[414869,1160773]]],[[[414584,1160888],[414643,1160934],[414640,1160881],[414584,1160888]]],[[[413806,1161134],[413932,1161407],[414106,1161083],[413806,1161134]]],[[[414307,1161331],[414475,1161331],[414366,1161221],[414307,1161331]]],[[[414633,1161610],[414631,1161636],[414680,1161637],[414633,1161610]]],[[[416681,1162037],[416729,1162063],[416713,1162031],[416681,1162037]]],[[[417068,1162138],[417120,1162151],[417106,1162126],[417068,1162138]]],[[[415564,1162611],[415637,1162588],[415585,1162559],[415564,1162611]]],[[[409677,1165030],[409735,1164983],[409671,1164947],[409677,1165030]]],[[[410043,1165191],[410085,1165202],[410099,1165145],[410043,1165191]]],[[[410400,1165363],[410461,1165345],[410454,1165303],[410400,1165363]]],[[[410167,1165458],[410176,1165500],[410208,1165436],[410167,1165458]]],[[[410316,1165467],[410394,1165591],[410511,1165388],[410316,1165467]]],[[[410246,1165909],[410431,1165748],[410216,1165650],[410246,1165909]]],[[[419801,1069113],[419888,1069142],[419809,1069041],[419801,1069113]]],[[[420037,1069341],[420064,1069349],[420039,1069300],[420037,1069341]]],[[[420864,1069630],[420935,1069724],[420905,1069594],[420864,1069630]]],[[[419645,1069686],[419698,1069669],[419608,1069656],[419645,1069686]]],[[[420322,1069706],[420345,1069676],[420319,1069671],[420322,1069706]]],[[[420857,1069824],[420918,1069818],[420889,1069785],[420857,1069824]]],[[[421277,1069988],[421288,1069952],[421212,1069942],[421277,1069988]]],[[[419712,1070060],[419780,1070048],[419755,1069960],[419712,1070060]]],[[[419721,1070089],[419747,1070089],[419739,1070077],[419721,1070089]]],[[[419511,1070226],[419584,1070135],[419483,1070135],[419511,1070226]]],[[[419381,1070204],[419437,1070212],[419455,1070149],[419381,1070204]]],[[[419505,1070254],[419500,1070300],[419544,1070250],[419505,1070254]]],[[[419485,1070356],[419534,1070362],[419536,1070323],[419485,1070356]]],[[[419488,1070958],[419546,1070896],[419446,1070820],[419488,1070958]]],[[[421276,1071269],[421192,1069971],[420206,1069950],[419901,1069565],[419763,1070148],[419440,1070791],[420255,1071111],[420456,1074080],[422249,1074250],[421988,1072800],[422877,1072701],[422694,1071898],[421823,1071971],[422232,1070876],[421276,1071269]],[[421183,1070694],[421191,1070727],[421147,1070698],[421183,1070694]],[[420641,1073245],[420577,1073320],[420512,1073293],[420641,1073245]]],[[[420018,1072146],[420099,1072149],[420122,1072077],[420018,1072146]]],[[[420029,1072559],[420115,1072577],[420125,1072429],[420029,1072559]]],[[[422526,1073710],[422592,1073677],[422560,1073633],[422526,1073710]]],[[[420929,1074169],[421001,1074194],[420962,1074137],[420929,1074169]]],[[[420916,1074257],[420892,1074336],[420980,1074244],[420916,1074257]]],[[[429844,1140615],[429857,1140563],[429801,1140525],[429844,1140615]]],[[[429626,1141099],[429645,1141137],[429648,1141121],[429626,1141099]]],[[[429658,1141185],[429656,1141155],[429624,1141148],[429658,1141185]]],[[[429198,1141304],[429192,1141214],[429114,1141194],[429198,1141304]]],[[[429192,1141419],[429285,1141470],[429233,1141324],[429192,1141419]]],[[[429323,1141669],[429328,1141650],[429271,1141644],[429323,1141669]]],[[[428943,1141850],[428943,1141758],[428912,1141720],[428943,1141850]]],[[[428974,1141810],[429009,1141830],[428977,1141774],[428974,1141810]]],[[[429202,1141881],[429244,1141835],[429212,1141815],[429202,1141881]]],[[[428981,1141934],[429006,1141878],[428928,1141866],[428981,1141934]]],[[[427794,1141997],[427818,1142025],[427823,1141982],[427794,1141997]]],[[[427671,1141996],[427696,1142032],[427692,1141988],[427671,1141996]]],[[[427191,1141913],[427382,1142144],[427375,1141906],[427191,1141913]]],[[[428361,1142104],[428390,1142140],[428380,1142073],[428361,1142104]]],[[[428326,1142264],[428382,1142252],[428355,1142188],[428326,1142264]]],[[[427035,1142421],[427101,1142345],[427034,1142359],[427035,1142421]]],[[[427207,1142373],[427113,1142368],[427162,1142440],[427207,1142373]]],[[[431342,1142695],[431414,1142752],[431393,1142686],[431342,1142695]]],[[[426593,1143989],[426658,1144039],[426631,1143983],[426593,1143989]]],[[[425753,1144040],[425776,1144035],[425760,1143994],[425753,1144040]]],[[[425561,1144106],[425641,1144093],[425555,1144014],[425561,1144106]]],[[[425484,1144178],[425506,1144139],[425436,1144137],[425484,1144178]]],[[[425072,1145139],[425123,1145095],[425089,1145091],[425072,1145139]]],[[[424871,1145132],[424912,1145206],[424966,1145046],[424871,1145132]]],[[[425132,1145323],[425186,1145330],[425171,1145271],[425132,1145323]]],[[[423838,1145331],[423868,1145391],[423886,1145307],[423838,1145331]]],[[[423751,1145367],[423860,1145417],[423806,1145343],[423751,1145367]]],[[[424360,1145759],[424398,1145664],[424358,1145656],[424360,1145759]]],[[[422955,1145221],[421948,1146387],[422269,1147037],[424051,1146632],[424015,1145414],[423110,1145717],[422955,1145221]]],[[[420857,1146922],[420907,1146916],[420932,1146885],[420857,1146922]]],[[[421024,1146971],[421030,1146988],[421088,1146960],[421060,1146948],[421024,1146971]]],[[[422491,1147157],[422531,1147142],[422470,1147107],[422491,1147157]]],[[[427377,1147232],[427365,1147264],[427403,1147249],[427377,1147232]]],[[[422584,1147502],[422571,1147547],[422626,1147499],[422584,1147502]]],[[[422577,1147886],[422616,1147983],[422676,1147830],[422577,1147886]]],[[[427263,1147934],[427313,1147903],[427249,1147895],[427263,1147934]]],[[[423526,1147955],[423836,1148320],[424088,1147643],[423526,1147955]]],[[[417234,1149964],[417234,1150049],[417291,1149962],[417234,1149964]]],[[[417120,1150140],[417153,1150109],[417152,1150033],[417120,1150140]]],[[[417176,1153613],[417316,1153640],[417300,1153597],[417176,1153613]]],[[[417176,1154300],[417243,1154307],[417239,1154267],[417176,1154300]]],[[[417103,1154702],[417146,1154701],[417116,1154664],[417103,1154702]]],[[[429261,1155920],[429289,1155954],[429289,1155904],[429261,1155920]]],[[[429294,1156010],[429317,1156031],[429295,1155971],[429294,1156010]]],[[[423675,1156120],[423677,1156152],[423697,1156109],[423675,1156120]]],[[[423726,1156150],[423762,1156186],[423754,1156133],[423726,1156150]]],[[[428721,1156261],[428752,1156275],[428717,1156235],[428721,1156261]]],[[[430556,1157256],[430516,1157237],[430495,1157281],[430556,1157256]]],[[[424578,1157482],[424619,1157510],[424669,1157452],[424578,1157482]]],[[[424806,1157609],[424861,1157614],[424839,1157580],[424806,1157609]]],[[[424268,1157613],[424296,1157625],[424309,1157595],[424268,1157613]]],[[[422593,1157783],[422636,1157746],[422583,1157680],[422593,1157783]]],[[[422469,1157800],[422491,1157810],[422473,1157750],[422469,1157800]]],[[[422583,1157828],[422591,1157811],[422566,1157793],[422583,1157828]]],[[[424832,1157829],[424878,1157836],[424841,1157803],[424832,1157829]]],[[[422496,1157837],[422511,1157823],[422481,1157815],[422496,1157837]]],[[[424813,1157883],[424814,1157847],[424775,1157831],[424813,1157883]]],[[[429841,1158150],[429922,1158166],[429855,1158099],[429841,1158150]]],[[[422051,1158187],[422097,1158208],[422141,1158186],[422051,1158187]]],[[[421629,1158205],[421668,1158288],[421663,1158183],[421629,1158205]]],[[[428879,1158304],[428955,1158303],[428905,1158264],[428879,1158304]]],[[[429195,1158299],[429209,1158333],[429264,1158282],[429195,1158299]]],[[[424864,1158438],[424990,1158286],[424846,1158207],[424864,1158438]]],[[[419200,1158337],[419083,1158668],[419301,1158644],[419200,1158337]]],[[[425665,1158685],[425704,1158691],[425686,1158651],[425665,1158685]]],[[[424761,1158750],[424793,1158733],[424745,1158712],[424761,1158750]]],[[[425708,1158774],[425703,1158720],[425665,1158690],[425708,1158774]]],[[[424828,1158579],[425137,1159060],[425091,1158456],[424828,1158579]]],[[[425608,1158822],[425633,1158774],[425555,1158757],[425608,1158822]]],[[[425634,1158806],[425677,1158845],[425649,1158776],[425634,1158806]]],[[[426085,1158969],[426154,1158939],[425984,1158801],[426085,1158969]]],[[[428208,1158976],[428217,1158924],[428178,1158924],[428208,1158976]]],[[[425015,1159030],[425046,1159027],[425026,1158991],[425015,1159030]]],[[[425088,1159076],[425122,1159091],[425088,1159037],[425088,1159076]]],[[[428201,1159052],[428167,1159251],[428533,1158940],[428201,1159052]]],[[[429992,1159362],[430055,1159395],[430023,1159261],[429992,1159362]]],[[[418634,1159452],[418693,1159536],[418696,1159412],[418634,1159452]]],[[[427105,1159648],[427107,1159611],[426981,1159565],[427105,1159648]]],[[[426877,1159572],[426973,1159655],[426965,1159575],[426877,1159572]]],[[[427182,1159679],[427232,1159762],[427209,1159675],[427182,1159679]]],[[[418573,1159759],[418584,1159724],[418531,1159711],[418573,1159759]]],[[[426970,1159832],[426998,1159841],[427017,1159798],[426970,1159832]]],[[[428449,1159836],[428482,1159847],[428478,1159832],[428449,1159836]]],[[[428117,1159876],[428317,1159975],[428411,1159809],[428117,1159876]]],[[[428082,1160107],[428151,1160050],[428022,1159913],[428082,1160107]]],[[[429047,1160307],[429064,1160302],[429023,1160265],[429047,1160307]]],[[[429124,1162046],[429152,1160864],[429844,1161376],[431140,1160478],[429974,1159488],[429228,1158660],[428704,1159774],[429580,1160482],[428217,1160438],[429124,1162046]]],[[[418792,1160403],[418872,1160430],[418840,1160295],[418792,1160403]]],[[[431027,1160951],[431042,1161069],[431099,1160945],[431027,1160951]]],[[[431080,1161064],[431135,1161047],[431137,1161007],[431080,1161064]]],[[[431057,1161095],[431099,1161128],[431132,1161071],[431057,1161095]]],[[[428355,1161254],[428399,1161303],[428369,1161234],[428355,1161254]]],[[[428369,1161304],[428361,1161270],[428328,1161264],[428369,1161304]]],[[[418714,1161691],[418696,1161733],[418737,1161714],[418714,1161691]]],[[[418678,1161786],[418731,1161791],[418686,1161748],[418678,1161786]]],[[[417219,1161884],[417249,1161821],[417228,1161817],[417219,1161884]]],[[[429043,1162136],[429116,1162115],[429081,1162061],[429043,1162136]]],[[[428925,1162113],[428967,1162126],[428969,1162106],[428925,1162113]]],[[[431386,1162477],[431452,1162435],[431402,1162433],[431386,1162477]]],[[[431351,1162613],[431401,1162554],[431332,1162531],[431351,1162613]]],[[[430268,1162863],[430322,1162919],[430323,1162847],[430268,1162863]]],[[[430251,1163037],[430223,1162941],[430153,1162928],[430251,1163037]]],[[[432398,1166536],[434161,1165956],[434368,1165028],[433660,1163204],[431790,1162837],[430361,1162850],[429018,1165708],[429981,1165664],[431316,1167584],[432398,1166536]]],[[[428967,1165830],[429093,1165877],[429053,1165816],[428967,1165830]]],[[[429698,1166010],[429760,1165984],[429714,1165915],[429698,1166010]]],[[[430041,1166661],[430069,1166622],[430034,1166528],[430041,1166661]]],[[[432569,1167985],[432616,1167999],[432636,1167941],[432569,1167985]]],[[[431869,1169242],[431906,1169280],[431935,1169222],[431869,1169242]]],[[[431345,1169668],[431549,1169806],[431659,1169305],[431345,1169668]]],[[[431169,1169687],[431290,1169682],[431316,1169561],[431169,1169687]]],[[[431559,1169819],[431921,1169961],[431888,1169680],[431559,1169819]]],[[[430859,1170154],[430911,1170133],[430884,1170080],[430859,1170154]]],[[[430382,1170277],[430413,1170304],[430424,1170269],[430382,1170277]]],[[[429901,1171953],[429928,1171879],[429881,1171914],[429901,1171953]]],[[[430174,1173330],[430290,1172930],[429758,1172688],[430174,1173330]]],[[[429607,1173173],[429712,1173203],[429690,1173040],[429607,1173173]]],[[[430034,1173402],[430107,1173359],[429953,1173311],[430034,1173402]]],[[[430003,1173636],[430227,1173807],[430201,1173604],[430003,1173636]]],[[[430754,1173942],[430831,1173940],[430694,1173880],[430754,1173942]]],[[[431105,1173954],[431214,1174009],[431207,1173946],[431105,1173954]]],[[[427839,1174679],[427885,1174651],[427870,1174634],[427839,1174679]]],[[[427340,1174717],[427383,1174698],[427337,1174691],[427340,1174717]]],[[[428327,1175221],[428362,1175174],[428326,1175142],[428327,1175221]]],[[[427194,1175295],[427206,1175315],[427232,1175293],[427194,1175295]]],[[[427082,1175335],[426962,1175347],[427035,1175378],[427082,1175335]]],[[[427091,1175361],[427108,1175381],[427112,1175351],[427091,1175361]]],[[[425979,1175539],[426016,1175492],[425980,1175492],[425979,1175539]]],[[[426374,1175637],[426399,1175603],[426393,1175580],[426374,1175637]]],[[[426300,1175723],[426329,1175740],[426318,1175703],[426300,1175723]]],[[[426729,1175924],[426770,1175870],[426739,1175840],[426729,1175924]]],[[[426402,1175884],[426502,1175959],[426494,1175825],[426402,1175884]]],[[[421911,1176359],[421963,1176223],[421853,1176201],[421911,1176359]]],[[[420247,1176541],[420450,1176806],[420505,1176337],[420247,1176541]]],[[[420552,1176625],[420653,1177001],[420854,1176444],[420552,1176625]]],[[[421057,1176789],[421093,1176799],[421052,1176731],[421057,1176789]]],[[[427532,1177040],[427564,1177025],[427569,1176969],[427532,1177040]]],[[[426592,1177182],[426585,1177210],[426614,1177175],[426592,1177182]]],[[[426212,1177199],[426220,1177224],[426231,1177194],[426212,1177199]]],[[[427628,1177282],[427642,1177269],[427627,1177249],[427628,1177282]]],[[[427674,1177254],[427659,1177289],[427692,1177293],[427674,1177254]]],[[[426610,1177274],[426603,1177297],[426638,1177263],[426610,1177274]]],[[[425464,1177415],[425479,1177435],[425499,1177366],[425464,1177415]]],[[[426241,1177405],[426259,1177433],[426245,1177374],[426241,1177405]]],[[[426912,1177497],[426929,1177501],[426929,1177482],[426912,1177497]]],[[[420173,1177597],[420283,1177506],[420208,1177485],[420173,1177597]]],[[[420425,1177546],[420442,1177582],[420460,1177522],[420425,1177546]]],[[[420319,1177643],[420365,1177575],[420306,1177574],[420319,1177643]]],[[[420175,1177824],[420235,1177826],[420221,1177762],[420175,1177824]]],[[[421226,1180247],[421257,1180238],[421207,1180188],[421226,1180247]]],[[[421408,1180712],[421436,1180708],[421411,1180682],[421408,1180712]]],[[[422218,1180780],[422266,1180735],[422168,1180711],[422218,1180780]]],[[[427183,1182930],[427217,1182941],[427191,1182833],[427183,1182930]]],[[[426567,1183617],[426596,1183613],[426556,1183534],[426567,1183617]]],[[[427698,1184862],[427740,1184815],[427669,1184809],[427698,1184862]]],[[[427662,1184870],[427631,1184876],[427624,1184984],[427662,1184870]]],[[[427953,1185319],[428000,1185393],[428045,1185287],[427953,1185319]]],[[[425863,1185894],[425920,1185900],[425910,1185814],[425863,1185894]]],[[[428692,1186817],[428670,1186956],[428826,1186785],[428692,1186817]]],[[[429763,1187607],[429904,1187508],[429817,1187483],[429763,1187607]]],[[[430627,1190124],[430659,1190153],[430652,1190062],[430627,1190124]]],[[[431680,1191019],[431720,1191021],[431715,1190988],[431680,1191019]]],[[[431298,1191091],[431460,1191129],[431302,1191049],[431298,1191091]]],[[[431206,1191172],[431277,1191174],[431194,1191116],[431206,1191172]]],[[[431000,1191380],[431056,1191390],[431014,1191211],[431000,1191380]]],[[[433684,1192099],[433701,1192061],[433640,1191995],[433684,1192099]]],[[[432876,1192274],[432924,1192299],[432890,1192203],[432876,1192274]]],[[[432773,1192363],[432809,1192432],[432819,1192306],[432773,1192363]]],[[[432124,1192590],[432161,1192610],[432131,1192558],[432124,1192590]]],[[[431379,1192642],[431470,1192673],[431347,1192578],[431379,1192642]]],[[[431794,1192638],[431856,1192667],[431801,1192608],[431794,1192638]]],[[[432046,1192640],[432068,1192663],[432058,1192615],[432046,1192640]]],[[[430834,1192749],[430817,1192693],[430785,1192688],[430834,1192749]]],[[[430564,1192747],[430626,1192753],[430606,1192703],[430564,1192747]]],[[[432591,1192785],[432675,1192789],[432577,1192709],[432591,1192785]]],[[[430856,1192864],[430820,1192777],[430801,1192818],[430856,1192864]]],[[[432040,1192752],[430881,1192691],[431092,1193231],[432040,1192752]]],[[[430884,1193070],[430935,1193033],[430849,1192893],[430884,1193070]]],[[[438453,1107576],[438530,1107395],[438245,1107249],[438453,1107576]]],[[[440740,1107711],[440745,1107652],[440644,1107600],[440740,1107711]]],[[[438441,1107713],[438410,1107655],[438372,1107650],[438441,1107713]]],[[[440499,1107749],[440567,1107793],[440526,1107737],[440499,1107749]]],[[[438667,1108058],[438741,1108147],[438620,1107957],[438667,1108058]]],[[[440968,1108644],[440980,1108660],[440985,1108634],[440968,1108644]]],[[[440925,1108664],[440931,1108698],[440940,1108658],[440925,1108664]]],[[[437374,1109363],[437402,1109334],[437367,1109330],[437374,1109363]]],[[[438176,1109489],[438140,1109501],[438177,1109534],[438176,1109489]]],[[[437624,1109931],[437619,1109389],[437395,1109375],[437624,1109931]]],[[[437904,1109615],[438003,1109790],[438006,1109561],[437904,1109615]]],[[[437489,1110031],[437509,1110064],[437515,1110000],[437489,1110031]]],[[[440865,1110219],[440922,1110177],[440914,1110143],[440865,1110219]]],[[[441112,1110298],[441121,1110257],[441037,1110187],[441112,1110298]]],[[[436307,1111333],[436323,1111380],[436317,1111309],[436307,1111333]]],[[[440845,1111442],[440876,1111418],[440863,1111410],[440845,1111442]]],[[[440855,1111525],[440879,1111492],[440864,1111482],[440855,1111525]]],[[[434818,1111658],[434866,1111575],[434810,1111559],[434818,1111658]]],[[[434769,1111664],[434800,1111705],[434794,1111618],[434769,1111664]]],[[[434659,1111729],[434652,1111686],[434631,1111761],[434659,1111729]]],[[[434574,1111866],[434573,1111742],[434541,1111796],[434574,1111866]]],[[[434465,1112066],[434526,1112033],[434487,1111958],[434465,1112066]]],[[[434669,1112136],[434713,1112103],[434663,1112088],[434669,1112136]]],[[[434550,1112097],[434509,1112139],[434550,1112140],[434550,1112097]]],[[[440592,1112232],[440628,1112253],[440609,1112211],[440592,1112232]]],[[[434509,1112530],[434510,1112608],[434529,1112502],[434509,1112530]]],[[[434421,1113008],[434454,1113042],[434445,1112986],[434421,1113008]]],[[[434171,1113935],[434199,1113922],[434206,1113897],[434171,1113935]]],[[[435084,1115799],[435114,1115823],[435172,1115745],[435084,1115799]]],[[[435456,1117019],[435523,1117088],[435537,1117015],[435456,1117019]]],[[[436805,1118473],[436880,1118495],[436882,1118445],[436805,1118473]]],[[[435634,1118482],[435685,1118497],[435691,1118452],[435634,1118482]]],[[[435712,1118542],[435699,1118635],[435747,1118529],[435712,1118542]]],[[[435727,1118624],[435982,1119061],[436219,1118385],[435727,1118624]]],[[[435723,1118736],[435764,1118756],[435745,1118692],[435723,1118736]]],[[[436216,1118820],[436232,1118890],[436252,1118818],[436216,1118820]]],[[[437110,1119277],[437164,1119325],[437089,1119176],[437110,1119277]]],[[[437282,1119734],[437273,1119683],[437214,1119632],[437282,1119734]]],[[[436777,1119949],[436795,1120033],[436817,1119970],[436777,1119949]]],[[[436872,1120087],[436910,1120102],[436897,1120048],[436872,1120087]]],[[[436764,1120108],[436864,1120227],[436836,1120002],[436764,1120108]]],[[[436678,1120339],[436704,1120241],[436608,1120185],[436678,1120339]]],[[[436808,1120313],[436820,1120349],[436846,1120292],[436808,1120313]]],[[[436332,1120404],[436384,1120416],[436304,1120273],[436332,1120404]]],[[[436549,1120352],[436578,1120386],[436559,1120329],[436549,1120352]]],[[[436785,1120374],[436805,1120354],[436777,1120348],[436785,1120374]]],[[[436439,1120455],[436471,1120410],[436413,1120268],[436439,1120455]]],[[[436598,1120384],[436609,1120357],[436596,1120342],[436598,1120384]]],[[[436694,1120382],[436726,1120396],[436734,1120358],[436694,1120382]]],[[[435817,1120565],[436057,1120492],[435800,1120394],[435817,1120565]]],[[[435523,1121123],[435643,1121141],[435622,1120937],[435523,1121123]]],[[[435700,1121198],[435762,1121219],[435794,1121174],[435700,1121198]]],[[[436016,1121650],[436024,1121627],[436011,1121624],[436016,1121650]]],[[[436004,1121949],[436111,1121943],[436021,1121897],[436004,1121949]]],[[[440735,1122594],[440756,1122633],[440775,1122587],[440735,1122594]]],[[[441413,1122857],[441428,1122871],[441422,1122830],[441413,1122857]]],[[[436855,1122982],[436784,1122834],[436626,1122910],[436855,1122982]]],[[[436699,1123080],[436692,1123028],[436644,1123045],[436699,1123080]]],[[[436607,1123150],[436651,1123151],[436640,1123125],[436607,1123150]]],[[[436521,1123298],[436609,1123334],[436564,1123290],[436521,1123298]]],[[[436482,1123444],[436530,1123407],[436515,1123391],[436482,1123444]]],[[[436531,1123506],[436557,1123593],[436585,1123497],[436531,1123506]]],[[[446887,1123874],[447025,1123960],[447117,1123842],[446887,1123874]]],[[[447145,1123948],[447187,1123951],[447204,1123921],[447145,1123948]]],[[[445351,1125105],[445992,1124685],[446990,1123457],[446273,1123059],[445105,1124490],[445351,1125105]]],[[[437097,1124739],[437098,1124719],[437082,1124714],[437097,1124739]]],[[[437380,1126386],[437484,1126456],[437416,1126277],[437380,1126386]]],[[[435185,1126267],[435303,1126849],[435352,1126147],[435185,1126267]]],[[[436267,1126236],[435368,1127354],[436011,1127067],[436616,1127137],[436261,1126822],[436267,1126236]]],[[[436597,1127074],[436587,1127087],[436625,1127137],[436597,1127074]]],[[[436648,1127238],[436660,1127213],[436629,1127185],[436648,1127238]]],[[[436110,1127282],[436127,1127288],[436120,1127246],[436110,1127282]]],[[[435814,1127255],[435816,1127319],[435821,1127250],[435814,1127255]]],[[[436147,1127350],[436167,1127335],[436142,1127326],[436147,1127350]]],[[[443036,1127491],[443041,1127460],[443008,1127451],[443036,1127491]]],[[[443759,1127694],[443802,1127723],[443802,1127683],[443759,1127694]]],[[[446095,1128013],[446098,1128094],[446261,1127945],[446095,1128013]]],[[[444360,1128032],[444439,1128065],[444404,1128019],[444360,1128032]]],[[[435634,1130049],[435703,1129939],[435584,1129909],[435634,1130049]]],[[[437058,1130046],[437086,1130085],[437108,1129958],[437058,1130046]]],[[[436594,1130201],[436628,1130242],[436625,1130183],[436594,1130201]]],[[[436632,1130376],[436645,1130336],[436615,1130328],[436632,1130376]]],[[[444736,1130445],[444754,1130423],[444734,1130414],[444736,1130445]]],[[[435931,1130615],[435944,1130641],[435964,1130590],[435931,1130615]]],[[[444645,1130739],[444647,1130762],[444699,1130735],[444645,1130739]]],[[[437313,1130975],[437389,1130987],[437399,1130922],[437313,1130975]]],[[[437043,1131060],[437080,1131095],[437097,1131055],[437043,1131060]]],[[[436049,1131122],[436122,1131188],[436050,1131030],[436049,1131122]]],[[[444259,1131333],[444246,1131254],[444197,1131280],[444259,1131333]]],[[[444356,1131460],[444334,1131383],[444276,1131403],[444356,1131460]]],[[[437123,1131658],[437208,1131805],[437265,1131654],[437123,1131658]]],[[[439054,1134917],[437045,1128573],[437602,1131519],[437369,1133197],[439054,1134917]]],[[[435990,1132194],[436032,1132191],[436064,1132148],[435990,1132194]]],[[[436063,1132403],[436092,1132381],[436022,1132346],[436063,1132403]]],[[[435835,1132520],[435970,1132550],[435875,1132492],[435835,1132520]]],[[[437140,1131445],[436801,1130563],[436307,1130378],[436268,1129500],[435173,1128665],[434779,1129606],[435465,1129544],[435738,1129887],[436076,1130789],[436680,1130718],[435930,1132911],[437588,1134672],[437491,1135322],[436749,1135050],[436312,1135984],[437844,1135804],[438126,1137288],[438458,1135823],[437142,1133083],[436934,1131843],[437140,1131445]]],[[[444019,1133190],[444040,1133205],[444040,1133185],[444019,1133190]]],[[[436139,1134015],[436206,1134009],[436102,1133962],[436139,1134015]]],[[[443851,1134641],[443882,1134638],[443896,1134577],[443851,1134641]]],[[[438763,1135081],[438817,1135094],[438784,1135038],[438763,1135081]]],[[[443333,1135195],[443307,1135223],[443322,1135248],[443333,1135195]]],[[[444037,1135579],[444057,1135572],[444056,1135557],[444037,1135579]]],[[[434867,1136108],[435032,1136074],[434825,1135954],[434867,1136108]]],[[[435074,1136131],[435112,1136102],[435079,1136078],[435074,1136131]]],[[[435144,1136160],[435162,1136134],[435113,1136114],[435144,1136160]]],[[[435152,1136193],[435186,1136166],[435164,1136152],[435152,1136193]]],[[[434908,1136342],[434941,1136358],[434913,1136304],[434908,1136342]]],[[[436811,1136446],[436886,1136416],[436805,1136363],[436811,1136446]]],[[[434965,1136528],[435014,1136556],[434975,1136498],[434965,1136528]]],[[[435018,1136568],[435097,1136544],[435035,1136510],[435018,1136568]]],[[[434656,1137309],[435745,1137289],[434898,1136557],[434656,1137309]]],[[[440323,1138792],[439788,1136004],[438732,1135437],[439024,1138171],[440323,1138792]]],[[[444904,1137240],[444913,1137183],[444887,1137182],[444904,1137240]]],[[[444781,1137551],[444809,1137512],[444798,1137459],[444781,1137551]]],[[[434669,1137615],[434698,1137622],[434684,1137555],[434669,1137615]]],[[[434719,1137642],[434887,1137740],[434707,1137489],[434719,1137642]]],[[[437071,1137953],[436998,1137349],[435910,1137559],[436296,1137950],[437071,1137953]]],[[[434720,1137756],[434744,1137743],[434705,1137729],[434720,1137756]]],[[[434725,1137869],[434768,1137895],[434774,1137861],[434725,1137869]]],[[[435722,1138182],[436030,1137825],[435857,1137673],[435722,1138182]]],[[[437142,1137930],[437122,1137902],[437095,1137966],[437142,1137930]]],[[[438294,1137973],[438078,1137798],[438181,1138086],[438294,1137973]]],[[[435023,1138108],[435070,1138055],[434980,1137975],[435023,1138108]]],[[[434701,1138334],[434923,1138263],[434778,1138033],[434701,1138334]]],[[[435875,1138203],[435889,1138185],[435860,1138168],[435875,1138203]]],[[[434552,1138440],[434829,1138647],[435113,1138600],[434978,1138357],[434552,1138440]]],[[[446761,1138541],[446780,1138566],[446794,1138531],[446761,1138541]]],[[[434645,1138658],[434719,1138667],[434681,1138638],[434645,1138658]]],[[[447066,1138714],[447072,1138726],[447085,1138687],[447066,1138714]]],[[[435023,1138878],[435125,1138724],[434893,1138665],[435023,1138878]]],[[[434600,1138782],[434612,1138791],[434623,1138772],[434600,1138782]]],[[[437268,1138995],[437421,1139820],[437514,1139223],[437268,1138995]]],[[[435903,1139572],[435935,1139447],[435847,1139394],[435903,1139572]]],[[[435702,1139563],[435844,1139715],[435695,1139470],[435702,1139563]]],[[[436009,1139774],[436356,1139521],[436003,1139481],[436009,1139774]]],[[[436131,1139957],[436157,1139972],[436149,1139953],[436131,1139957]]],[[[438626,1140207],[438748,1140143],[438576,1140063],[438626,1140207]]],[[[436174,1140484],[435615,1139564],[435112,1140047],[435542,1141054],[436174,1140484]]],[[[439045,1140507],[439050,1140539],[439058,1140501],[439045,1140507]]],[[[434518,1141637],[434741,1141730],[434543,1141353],[434518,1141637]]],[[[434660,1142027],[434683,1141962],[434630,1141874],[434660,1142027]]],[[[434596,1142027],[434620,1142054],[434608,1141989],[434596,1142027]]],[[[437825,1142043],[437843,1142053],[437833,1142021],[437825,1142043]]],[[[434352,1142117],[434428,1142026],[434311,1142012],[434352,1142117]]],[[[434576,1142097],[434617,1142101],[434582,1142058],[434576,1142097]]],[[[434219,1142107],[434285,1142135],[434242,1142048],[434219,1142107]]],[[[434682,1142256],[434641,1142271],[434691,1142391],[434682,1142256]]],[[[436628,1142532],[436996,1142743],[437013,1142150],[436628,1142532]]],[[[434618,1143351],[434666,1143357],[434624,1143299],[434618,1143351]]],[[[434831,1143392],[434901,1143422],[434830,1143278],[434831,1143392]]],[[[434624,1143595],[434696,1143571],[434678,1143482],[434624,1143595]]],[[[437229,1144914],[437549,1145091],[437283,1144482],[437229,1144914]]],[[[435139,1144915],[435260,1144974],[435158,1144712],[435139,1144915]]],[[[437166,1145279],[437217,1145151],[437126,1145114],[437166,1145279]]],[[[447507,1145496],[447625,1145483],[447493,1145396],[447507,1145496]]],[[[433733,1145796],[433773,1145785],[433762,1145718],[433733,1145796]]],[[[447270,1145810],[447331,1145768],[447285,1145764],[447270,1145810]]],[[[433728,1146147],[433797,1145998],[433722,1145876],[433728,1146147]]],[[[446911,1146154],[446921,1146135],[446850,1146085],[446911,1146154]]],[[[437196,1145976],[437756,1146407],[437862,1145946],[437196,1145976]]],[[[447056,1146903],[447097,1146904],[447043,1146861],[447056,1146903]]],[[[437596,1146794],[437617,1147089],[437772,1147115],[437596,1146794]]],[[[447117,1150954],[447512,1150806],[446810,1150277],[447117,1150954]]],[[[446702,1151078],[446739,1151044],[446690,1151020],[446702,1151078]]],[[[447025,1151075],[447039,1151048],[446965,1151037],[447025,1151075]]],[[[446961,1151200],[446990,1151222],[446983,1151191],[446961,1151200]]],[[[447471,1151274],[447534,1151281],[447498,1151212],[447471,1151274]]],[[[447183,1151252],[447202,1151274],[447187,1151235],[447183,1151252]]],[[[447358,1151322],[447425,1151407],[447397,1151309],[447358,1151322]]],[[[437686,1179557],[437946,1177807],[436869,1177374],[437511,1174418],[436717,1173996],[436448,1174799],[435876,1174876],[436502,1174423],[435135,1171883],[435576,1170109],[434756,1170218],[434063,1168334],[434522,1167926],[437142,1169869],[436083,1170139],[436958,1172780],[438870,1173550],[439633,1172744],[439856,1174039],[440838,1173529],[438430,1176474],[439657,1178445],[440687,1177155],[442536,1179263],[443903,1177439],[443660,1175000],[444706,1175880],[445438,1175044],[443974,1173711],[445475,1173935],[446069,1173062],[444454,1172255],[445624,1172481],[445946,1170975],[444711,1171308],[444403,1172235],[441390,1169501],[440966,1168432],[444501,1170950],[444673,1170243],[442840,1168942],[445840,1170348],[446203,1166235],[446864,1169157],[448489,1169266],[447644,1170086],[448617,1172047],[448904,1170551],[449791,1170772],[449403,1171313],[451207,1173905],[452416,1174246],[452506,1173294],[447440,1166867],[448217,1166773],[448139,1165361],[449266,1168107],[451077,1167515],[451111,1163993],[448773,1162688],[444603,1163478],[445625,1162810],[446053,1160086],[446699,1161831],[447943,1159820],[447965,1160689],[449168,1160739],[449425,1160075],[450625,1160536],[450830,1158361],[450608,1157627],[448932,1157960],[446564,1155464],[447476,1155435],[447090,1153779],[447334,1154642],[448589,1154386],[449309,1155025],[449079,1153980],[450028,1154385],[449622,1153004],[448643,1153577],[447468,1153107],[446917,1151678],[447745,1152012],[446043,1150728],[445598,1152307],[446314,1153173],[445047,1153029],[444399,1154266],[443792,1153797],[444743,1151489],[442675,1149740],[445235,1150050],[443235,1146307],[446245,1149013],[445493,1147799],[446091,1147420],[445147,1146921],[443415,1143342],[447019,1146937],[446776,1146162],[446750,1145264],[447521,1145254],[446540,1142673],[448299,1140813],[448007,1140272],[446709,1140756],[447049,1138539],[446063,1139924],[445953,1137463],[444328,1138719],[444615,1136015],[443147,1135281],[444222,1134171],[443671,1132326],[444207,1132305],[444073,1131886],[443917,1131399],[444799,1130288],[444464,1129471],[446253,1128724],[446102,1128101],[444248,1128096],[444158,1129354],[443955,1128032],[442820,1127858],[443410,1125000],[444847,1123170],[444254,1122968],[444496,1121098],[443584,1123599],[442843,1122049],[441798,1123785],[441393,1122893],[440412,1123023],[441004,1121525],[441738,1121502],[441563,1116959],[440886,1116674],[440829,1115266],[439683,1115450],[440974,1113908],[440524,1112345],[440849,1111395],[439254,1111164],[440221,1111057],[440238,1109930],[440783,1110363],[441041,1110291],[440861,1110234],[440722,1110035],[440897,1108633],[441011,1108486],[440619,1107677],[440567,1107793],[439463,1110267],[438558,1107977],[438371,1109568],[438932,1110927],[438211,1112687],[436785,1112624],[436472,1111099],[435987,1112147],[434782,1111733],[434707,1111667],[434845,1112307],[434087,1114379],[435660,1115178],[435632,1118044],[437537,1118140],[437407,1120648],[435756,1120673],[436114,1121926],[437495,1121000],[437565,1121579],[436528,1123966],[438153,1125527],[438839,1130624],[440590,1135047],[440807,1139983],[440613,1139049],[438679,1138885],[439499,1140496],[438839,1140691],[439386,1146204],[438068,1141806],[437949,1143308],[438758,1146455],[440493,1148912],[440818,1150878],[439186,1147078],[438991,1147617],[437308,1142523],[439249,1152397],[436266,1146435],[435051,1150216],[435130,1150786],[435973,1150555],[435703,1151442],[434068,1152056],[433655,1151246],[432676,1152483],[431366,1152434],[434635,1150414],[435577,1145788],[434853,1145223],[435089,1147425],[433669,1146315],[433431,1148261],[433308,1144004],[432166,1142393],[431243,1143213],[431240,1145071],[429950,1140311],[429528,1141877],[428593,1142071],[428456,1141718],[428547,1142354],[428270,1142635],[427266,1142337],[427177,1144396],[426043,1143888],[425229,1144769],[425441,1146756],[426978,1147262],[428686,1146743],[427596,1147269],[429447,1148582],[427439,1147978],[427491,1149445],[428273,1149714],[426924,1149893],[427159,1150960],[425890,1151485],[426109,1150037],[426985,1149529],[424626,1146153],[424986,1148589],[424258,1149468],[423643,1148383],[421596,1148486],[422393,1147430],[421001,1147009],[420975,1146963],[419396,1148446],[420194,1149514],[419213,1149174],[417290,1150012],[416824,1151478],[417455,1152208],[416542,1152250],[417574,1153989],[417334,1154591],[417791,1154805],[416667,1155318],[416550,1156205],[418541,1158005],[422122,1158164],[423756,1155998],[423929,1156624],[423451,1157610],[423885,1156812],[425749,1156545],[424933,1158067],[427431,1159593],[428875,1154566],[430000,1156193],[428958,1156177],[428391,1158178],[430248,1156888],[430808,1157141],[429602,1158043],[429894,1158027],[431147,1158456],[429680,1158657],[430580,1159977],[431347,1159911],[431653,1160645],[432202,1159136],[432621,1159725],[433934,1159001],[434684,1155736],[435129,1157426],[436647,1157806],[435170,1158084],[434561,1160051],[435652,1162510],[436588,1161276],[437058,1161673],[436574,1164178],[438686,1164278],[440333,1162949],[440853,1163258],[438603,1165290],[435161,1165208],[436287,1166703],[435743,1168015],[434420,1166035],[432906,1166790],[432636,1168121],[433971,1168359],[432291,1169094],[432727,1170172],[433686,1169540],[433180,1170764],[430242,1170363],[430400,1173514],[431910,1174291],[429520,1174375],[429555,1175770],[431422,1176499],[429492,1176110],[430082,1178560],[428215,1176974],[428653,1176348],[427790,1174669],[427789,1174437],[427269,1175381],[426763,1175935],[427929,1177058],[427787,1177929],[425521,1177381],[424585,1178619],[423676,1177042],[422941,1177636],[421363,1176682],[420270,1178226],[421481,1180643],[422994,1180626],[423516,1179684],[424177,1180184],[423245,1180677],[423952,1181373],[423888,1183876],[425687,1185954],[426541,1183214],[429332,1180858],[430596,1180142],[433380,1181079],[430008,1180973],[427673,1183787],[427763,1184905],[431093,1187943],[430491,1189530],[431909,1191100],[431052,1191221],[431784,1192505],[434313,1191542],[435709,1192016],[436612,1190887],[435675,1193185],[436021,1194003],[436924,1193427],[437943,1195120],[438204,1190388],[437418,1189064],[436497,1189024],[437721,1187702],[437659,1184398],[436225,1183867],[435586,1184412],[434852,1182701],[437224,1182620],[435076,1181646],[436471,1181945],[437218,1180985],[436130,1180110],[436517,1178543],[435435,1177439],[436818,1177360],[437686,1179557]],[[444032,1131913],[444053,1131876],[444073,1131886],[444032,1131913]],[[420706,1147464],[420584,1147649],[420313,1147593],[420706,1147464]],[[417127,1150687],[417175,1150697],[417131,1150722],[417127,1150687]],[[420842,1179230],[420915,1179239],[420875,1179350],[420842,1179230]],[[421143,1179637],[421114,1179681],[421086,1179642],[421143,1179637]],[[421231,1179907],[421225,1179942],[421203,1179946],[421231,1179907]],[[421330,1180135],[421306,1180202],[421293,1180144],[421330,1180135]],[[434217,1114100],[434182,1114138],[434196,1114104],[434217,1114100]],[[426119,1144063],[426052,1144146],[426072,1144084],[426119,1144063]],[[426050,1144164],[426083,1144172],[426030,1144221],[426050,1144164]],[[422870,1157019],[422892,1157051],[422855,1157097],[422870,1157019]],[[425599,1157206],[425633,1157201],[425598,1157229],[425599,1157206]],[[422266,1157743],[422292,1157758],[422266,1157755],[422266,1157743]],[[422225,1157967],[422242,1157988],[422216,1158004],[422225,1157967]],[[430533,1159545],[430656,1159564],[430521,1159661],[430533,1159545]],[[430286,1170839],[430305,1170784],[430314,1170857],[430286,1170839]],[[425745,1177524],[425725,1177563],[425731,1177538],[425745,1177524]],[[425374,1177595],[425394,1177605],[425372,1177620],[425374,1177595]],[[425360,1177674],[425363,1177710],[425347,1177686],[425360,1177674]],[[425197,1177838],[425211,1177841],[425201,1177858],[425197,1177838]],[[425212,1177934],[425215,1177923],[425228,1177923],[425212,1177934]],[[425120,1177957],[425134,1177953],[425135,1177962],[425120,1177957]],[[425150,1177970],[425149,1177989],[425135,1177976],[425150,1177970]],[[425139,1178018],[425139,1178037],[425127,1178023],[425139,1178018]],[[425026,1178102],[425028,1178161],[425011,1178123],[425026,1178102]],[[425011,1178148],[425024,1178166],[425003,1178167],[425011,1178148]],[[431007,1188637],[431027,1188652],[431019,1188694],[431007,1188637]],[[431327,1191611],[431331,1191648],[431294,1191632],[431327,1191611]],[[431541,1191863],[431548,1191909],[431523,1191868],[431541,1191863]],[[440578,1107976],[440596,1108000],[440584,1108012],[440578,1107976]],[[440623,1108017],[440619,1108040],[440580,1108038],[440623,1108017]],[[440583,1108120],[440550,1108186],[440555,1108135],[440583,1108120]],[[440491,1108339],[440512,1108343],[440494,1108354],[440491,1108339]],[[438600,1108312],[438597,1108403],[438576,1108353],[438600,1108312]],[[438592,1108428],[438628,1108505],[438580,1108478],[438592,1108428]],[[438679,1108685],[438732,1108871],[438676,1108812],[438679,1108685]],[[440077,1109008],[440055,1109046],[440055,1109023],[440077,1109008]],[[440089,1114739],[440100,1114769],[440070,1114802],[440089,1114739]],[[435173,1114846],[435175,1114823],[435188,1114862],[435173,1114846]],[[435417,1114987],[435411,1114959],[435425,1114968],[435417,1114987]],[[435712,1117456],[435667,1117521],[435657,1117480],[435712,1117456]],[[441424,1120666],[441452,1120694],[441419,1120739],[441424,1120666]],[[441702,1121018],[441681,1121035],[441645,1121027],[441702,1121018]],[[443918,1128806],[443965,1128857],[443934,1128917],[443918,1128806]],[[444500,1136047],[444489,1136069],[444475,1136049],[444500,1136047]],[[446330,1139716],[446295,1139836],[446284,1139770],[446330,1139716]],[[439473,1144779],[439462,1144837],[439453,1144792],[439473,1144779]],[[447226,1144796],[447234,1144825],[447179,1144813],[447226,1144796]],[[439443,1145126],[439475,1145128],[439473,1145152],[439443,1145126]],[[439585,1147266],[439616,1147255],[439637,1147367],[439585,1147266]],[[439679,1147486],[439706,1147484],[439701,1147524],[439679,1147486]],[[439989,1148097],[440013,1148182],[439979,1148132],[439989,1148097]],[[447794,1140493],[447788,1140526],[447770,1140501],[447794,1140493]],[[450901,1166540],[450941,1166543],[450925,1166613],[450901,1166540]],[[448349,1168296],[448420,1168441],[448389,1168433],[448349,1168296]],[[448528,1168632],[448582,1168746],[448540,1168744],[448528,1168632]],[[448051,1170743],[448059,1170723],[448097,1170763],[448051,1170743]]],[[[447693,1155669],[447734,1155661],[447644,1155584],[447693,1155669]]],[[[447559,1156284],[447598,1156322],[447576,1156265],[447559,1156284]]],[[[432900,1160416],[433694,1161201],[433195,1161885],[434030,1162204],[434663,1161272],[434198,1160458],[433533,1159849],[432900,1160416]]],[[[435000,1164106],[435522,1164322],[435759,1163757],[435275,1163355],[435000,1164106]]],[[[433755,1166183],[433730,1166276],[433899,1166083],[433755,1166183]]],[[[446601,1172082],[446770,1172126],[446768,1171861],[446601,1172082]]],[[[446744,1174005],[446967,1173106],[446446,1172950],[446744,1174005]]],[[[446534,1177102],[447444,1175870],[446147,1176128],[446534,1177102]]],[[[447172,1178015],[447243,1178027],[447261,1177975],[447172,1178015]]],[[[444892,1178307],[443930,1179768],[444849,1179224],[444892,1178307]]],[[[439938,1179751],[440085,1179970],[440495,1179773],[440532,1179282],[439938,1179751]]],[[[444061,1181457],[444478,1180879],[444349,1180527],[444061,1181457]]],[[[438622,1181498],[439470,1181721],[438768,1180986],[438622,1181498]]],[[[442085,1181507],[442592,1181924],[442955,1181027],[442085,1181507]]],[[[440377,1186205],[440443,1186266],[440418,1186093],[440377,1186205]]],[[[440222,1188805],[440372,1189002],[440321,1188502],[440222,1188805]]],[[[443436,1189411],[443562,1189189],[443520,1189042],[443436,1189411]]],[[[443536,1191869],[443647,1191696],[443568,1191645],[443536,1191869]]],[[[436674,1193794],[436689,1193791],[436682,1193721],[436674,1193794]]],[[[435980,1194009],[436008,1194063],[436011,1194007],[435980,1194009]]],[[[437935,1195201],[437934,1195144],[437812,1195127],[437935,1195201]]],[[[438036,1196721],[438225,1196952],[438361,1196642],[438036,1196721]]],[[[437525,1197177],[437589,1197259],[437584,1197116],[437525,1197177]]],[[[437602,1197944],[437662,1197936],[437610,1197835],[437602,1197944]]],[[[447423,1201674],[447442,1201708],[447469,1201639],[447423,1201674]]],[[[447632,1204444],[447781,1204487],[447705,1204364],[447632,1204444]]],[[[447651,1205062],[447667,1205017],[447624,1205007],[447651,1205062]]],[[[451985,1138085],[452009,1138017],[451949,1138006],[451985,1138085]]],[[[453032,1140770],[453589,1141507],[455304,1141135],[455071,1138987],[453032,1140770]]],[[[451651,1135707],[448878,1137583],[449231,1141810],[448943,1141139],[447433,1144278],[448374,1144753],[451215,1143295],[450568,1144937],[451542,1144860],[451594,1141903],[452740,1143205],[453077,1142816],[452104,1139635],[451651,1135707]]],[[[449069,1141067],[449096,1141127],[449148,1141006],[449069,1141067]]],[[[449994,1144677],[450155,1144680],[449912,1144459],[449994,1144677]]],[[[448948,1145155],[449041,1145232],[449033,1145152],[448948,1145155]]],[[[451230,1145546],[451475,1145593],[451162,1145314],[451230,1145546]]],[[[451477,1145511],[451769,1145796],[451773,1145451],[451477,1145511]]],[[[449406,1147465],[449459,1147336],[449329,1147333],[449406,1147465]]],[[[448025,1151272],[447992,1151214],[447819,1151181],[448025,1151272]]],[[[447584,1151220],[447889,1151386],[447805,1151206],[447584,1151220]]],[[[450405,1151966],[450597,1152117],[450564,1151949],[450405,1151966]]],[[[448332,1153095],[448350,1153045],[448265,1153031],[448332,1153095]]],[[[450276,1154243],[450254,1154200],[450222,1154183],[450276,1154243]]],[[[448683,1154601],[448718,1154615],[448683,1154586],[448683,1154601]]],[[[448065,1154882],[448149,1154939],[448136,1154748],[448065,1154882]]],[[[449105,1155077],[449147,1155053],[449075,1155009],[449105,1155077]]],[[[448479,1155201],[448507,1155153],[448389,1155135],[448479,1155201]]],[[[451162,1158093],[451160,1157970],[451036,1157945],[451162,1158093]]],[[[450853,1158095],[451076,1158150],[451034,1158009],[450853,1158095]]],[[[460523,1160843],[460550,1160635],[460380,1160610],[460523,1160843]]],[[[447984,1160789],[448015,1160799],[448003,1160749],[447984,1160789]]],[[[448702,1160790],[448698,1160850],[448736,1160771],[448702,1160790]]],[[[448322,1161409],[448479,1161334],[448423,1161216],[448322,1161409]]],[[[462883,1162353],[463283,1162582],[462913,1162129],[462883,1162353]]],[[[461212,1162150],[461688,1162675],[461533,1162050],[461212,1162150]]],[[[461704,1162711],[461850,1162829],[461770,1162594],[461704,1162711]]],[[[453209,1163431],[453158,1163293],[453081,1163324],[453209,1163431]]],[[[451295,1163421],[451440,1163821],[451456,1163361],[451295,1163421]]],[[[454014,1163983],[454067,1163989],[453986,1163919],[454014,1163983]]],[[[457295,1166976],[458765,1166333],[460011,1167254],[460737,1166919],[459235,1165875],[456496,1161252],[455054,1160670],[453231,1161557],[453854,1162280],[455112,1165439],[456592,1165606],[457295,1166976]],[[453666,1161367],[453694,1161435],[453652,1161400],[453666,1161367]]],[[[451908,1163997],[452116,1164101],[451974,1163852],[451908,1163997]]],[[[452679,1164093],[452758,1164143],[452743,1164057],[452679,1164093]]],[[[452266,1164144],[452346,1164250],[452347,1164079],[452266,1164144]]],[[[451902,1164214],[451921,1164223],[451914,1164201],[451902,1164214]]],[[[460481,1164403],[460525,1164246],[460176,1164063],[460481,1164403]]],[[[452767,1164733],[453720,1165546],[453502,1163732],[452989,1163354],[452767,1164733]]],[[[452468,1164977],[452473,1164894],[452413,1164876],[452468,1164977]]],[[[460905,1165126],[460881,1164909],[460595,1164856],[460905,1165126]]],[[[451834,1165119],[451893,1165118],[451857,1165084],[451834,1165119]]],[[[452376,1165351],[452487,1165061],[452338,1164913],[452376,1165351]]],[[[451881,1165164],[452091,1165333],[452130,1165162],[451881,1165164]]],[[[461096,1165560],[461077,1165296],[460836,1165255],[461096,1165560]]],[[[461137,1165612],[461173,1165572],[461126,1165557],[461137,1165612]]],[[[452370,1165771],[452388,1165702],[452367,1165693],[452370,1165771]]],[[[453961,1165860],[454053,1165767],[453850,1165678],[453961,1165860]]],[[[452335,1165999],[452372,1166031],[452354,1165959],[452335,1165999]]],[[[461100,1166376],[461128,1166282],[461028,1166253],[461100,1166376]]],[[[461187,1166411],[461224,1166387],[461187,1166350],[461187,1166411]]],[[[460052,1167646],[460217,1167619],[459961,1167331],[460052,1167646]]],[[[460367,1167809],[460457,1167790],[460437,1167688],[460367,1167809]]],[[[460297,1167826],[460328,1167801],[460301,1167751],[460297,1167826]]],[[[465376,1168448],[465432,1168402],[465320,1168342],[465376,1168448]]],[[[465983,1168702],[466152,1168738],[465956,1168481],[465983,1168702]]],[[[465723,1168653],[465675,1168577],[465623,1168568],[465723,1168653]]],[[[466566,1169470],[466665,1169373],[466487,1169328],[466566,1169470]]],[[[466676,1169606],[466440,1169519],[466387,1169747],[466676,1169606]]],[[[468866,1171064],[468910,1171099],[468929,1171082],[468866,1171064]]],[[[463734,1171149],[463764,1171084],[463646,1171039],[463734,1171149]]],[[[468895,1171117],[468993,1171164],[468984,1171094],[468895,1171117]]],[[[468879,1171176],[468930,1171194],[468902,1171168],[468879,1171176]]],[[[467777,1171195],[467787,1171224],[467805,1171190],[467777,1171195]]],[[[468700,1171194],[468730,1171238],[468741,1171186],[468700,1171194]]],[[[469109,1171243],[469079,1171188],[469006,1171186],[469109,1171243]]],[[[468507,1171240],[468532,1171222],[468470,1171196],[468507,1171240]]],[[[467967,1171254],[467993,1171218],[467965,1171184],[467967,1171254]]],[[[468749,1171260],[468772,1171289],[468770,1171240],[468749,1171260]]],[[[468746,1171306],[468746,1171262],[468713,1171254],[468746,1171306]]],[[[469721,1171310],[469774,1171331],[469741,1171297],[469721,1171310]]],[[[469785,1171329],[469825,1171328],[469780,1171301],[469785,1171329]]],[[[468175,1171705],[468679,1171230],[467491,1171362],[466256,1170166],[466988,1171493],[468091,1172062],[467335,1171861],[467681,1172437],[468386,1172554],[468175,1171705]]],[[[469938,1171404],[469969,1171389],[469942,1171378],[469938,1171404]]],[[[469711,1171355],[469856,1171499],[469872,1171375],[469711,1171355]]],[[[469966,1171487],[469977,1171445],[469946,1171431],[469966,1171487]]],[[[468871,1171466],[468887,1171482],[468879,1171457],[468871,1171466]]],[[[470040,1171577],[470085,1171587],[470005,1171487],[470040,1171577]]],[[[469690,1171942],[469749,1171420],[469109,1171243],[468973,1171206],[469690,1171942]]],[[[470091,1171711],[470195,1171696],[470109,1171677],[470091,1171711]]],[[[467133,1171688],[467183,1171730],[467168,1171682],[467133,1171688]]],[[[467241,1171775],[467365,1171822],[467205,1171687],[467241,1171775]]],[[[470289,1171968],[470221,1171788],[470072,1171760],[470289,1171968]]],[[[470051,1171879],[470144,1171986],[470053,1171797],[470051,1171879]]],[[[468452,1171936],[469004,1172503],[469461,1172013],[468907,1171558],[468452,1171936]]],[[[469440,1172244],[469456,1172276],[469468,1172242],[469440,1172244]]],[[[469457,1172420],[469488,1172342],[469359,1172295],[469457,1172420]]],[[[468369,1172679],[468470,1172711],[468447,1172656],[468369,1172679]]],[[[468037,1172732],[468094,1172835],[468093,1172723],[468037,1172732]]],[[[468287,1172764],[468333,1172856],[468372,1172799],[468287,1172764]]],[[[463108,1173423],[463054,1173420],[463105,1173465],[463108,1173423]]],[[[462808,1173489],[462685,1173353],[462726,1173542],[462808,1173489]]],[[[447560,1174197],[447945,1174590],[447539,1173867],[447560,1174197]]],[[[452319,1174412],[452406,1174433],[452337,1174353],[452319,1174412]]],[[[452254,1174582],[452357,1174650],[452340,1174575],[452254,1174582]]],[[[452459,1174693],[452488,1174670],[452455,1174628],[452459,1174693]]],[[[452263,1174714],[452326,1174773],[452320,1174699],[452263,1174714]]],[[[452360,1174802],[452423,1174822],[452365,1174739],[452360,1174802]]],[[[452803,1175126],[452940,1174795],[452689,1174619],[452803,1175126]]],[[[449401,1177832],[449480,1177442],[449210,1177346],[449401,1177832]]],[[[451591,1178684],[451641,1178685],[451581,1178652],[451591,1178684]]],[[[453421,1179793],[453522,1179758],[453429,1179721],[453421,1179793]]],[[[454195,1185619],[454247,1185640],[454254,1185571],[454195,1185619]]],[[[454544,1187146],[454549,1187207],[454581,1187116],[454544,1187146]]],[[[466423,1188732],[466468,1188765],[466490,1188631],[466423,1188732]]],[[[466523,1189103],[466614,1189051],[466564,1188987],[466523,1189103]]],[[[466443,1189059],[466453,1189113],[466515,1189001],[466443,1189059]]],[[[466339,1189229],[466375,1189283],[466378,1189178],[466339,1189229]]],[[[466909,1189610],[466936,1189604],[466942,1189560],[466909,1189610]]],[[[461892,1190145],[461913,1190155],[461923,1190134],[461892,1190145]]],[[[458301,1194630],[459767,1194540],[460436,1193510],[462117,1194898],[464035,1194442],[465306,1191229],[466993,1193137],[467207,1191931],[467722,1191795],[466332,1189495],[466253,1188154],[465833,1187795],[464143,1189989],[463301,1189383],[462582,1190536],[460853,1190453],[460548,1189782],[462591,1187805],[461105,1187014],[457685,1192336],[458301,1194630]],[[463740,1189750],[463801,1189783],[463778,1189814],[463740,1189750]],[[463548,1189867],[463554,1189868],[463550,1189872],[463548,1189867]],[[463545,1189877],[463552,1189883],[463546,1189898],[463545,1189877]],[[464543,1192919],[464561,1192975],[464515,1192944],[464543,1192919]],[[463104,1194493],[463107,1194468],[463167,1194566],[463104,1194493]]],[[[452733,1191358],[452822,1191470],[452888,1191261],[452733,1191358]]],[[[452319,1191147],[451015,1192352],[449869,1191571],[453150,1190825],[453279,1189662],[453895,1190104],[453925,1189177],[454752,1188910],[454692,1187339],[453607,1186807],[454201,1185431],[452290,1185537],[453045,1184210],[452581,1183738],[453830,1183552],[453638,1181087],[453049,1181170],[452957,1180179],[453459,1179656],[451281,1178807],[450065,1179885],[449000,1179741],[449987,1179932],[448575,1181001],[448354,1179718],[449622,1178398],[447316,1178671],[447016,1178090],[445813,1179785],[445357,1182408],[444668,1182358],[445300,1182824],[444539,1185031],[445012,1187912],[444287,1188066],[444510,1186729],[443826,1187316],[444778,1189024],[443872,1190492],[444027,1193258],[444559,1193290],[444513,1194960],[446142,1197432],[446448,1193399],[447345,1193496],[448803,1191659],[446810,1194184],[447837,1201343],[447297,1202700],[448167,1204330],[447670,1205173],[449578,1205558],[450613,1203012],[450397,1205735],[452367,1204767],[452275,1205772],[452858,1205687],[453305,1205107],[454007,1205264],[454005,1204510],[454675,1204628],[454162,1203714],[455417,1202325],[454241,1202430],[455362,1197279],[454808,1196615],[455805,1195314],[454936,1194862],[453007,1195901],[451071,1198776],[451850,1195750],[453557,1194330],[453789,1192977],[452319,1191147]],[[445807,1196737],[445796,1196778],[445773,1196743],[445807,1196737]],[[445781,1196839],[445784,1196793],[445799,1196799],[445781,1196839]],[[454521,1187876],[454534,1187893],[454519,1187922],[454521,1187876]],[[454435,1188240],[454404,1188309],[454420,1188247],[454435,1188240]],[[454380,1203225],[454468,1203265],[454428,1203363],[454380,1203225]]],[[[467538,1192031],[467544,1191977],[467505,1191966],[467538,1192031]]],[[[455479,1193272],[456445,1192206],[455950,1191492],[454752,1191844],[454861,1190865],[454247,1190988],[454855,1193251],[455479,1193272]]],[[[467581,1192105],[467593,1192065],[467551,1192063],[467581,1192105]]],[[[467027,1193158],[467176,1193185],[467257,1193073],[467027,1193158]]],[[[464431,1193853],[464478,1193859],[464517,1193775],[464431,1193853]]],[[[464172,1194486],[464161,1194415],[464102,1194506],[464172,1194486]]],[[[460473,1195104],[460530,1194854],[460205,1194747],[460473,1195104]]],[[[462096,1194945],[462026,1194981],[462103,1194991],[462096,1194945]]],[[[459462,1195340],[459568,1195882],[459870,1195798],[459697,1195294],[459462,1195340]]],[[[457715,1196207],[458085,1196277],[458103,1196006],[457715,1196207]]],[[[461514,1197400],[461537,1197354],[461469,1197281],[461514,1197400]]],[[[461417,1197558],[461489,1197411],[461379,1197338],[461417,1197558]]],[[[463255,1198346],[463534,1198572],[463706,1197897],[463255,1198346]]],[[[455540,1199212],[456452,1198097],[455369,1198940],[455540,1199212]]],[[[459146,1199882],[460983,1199127],[461488,1199170],[460964,1197881],[460201,1198034],[459146,1199882]]],[[[457422,1199095],[457569,1199211],[457554,1199075],[457422,1199095]]],[[[463884,1200498],[463926,1200500],[463880,1200470],[463884,1200498]]],[[[463851,1201483],[463907,1201544],[463868,1201439],[463851,1201483]]],[[[454105,1204967],[454126,1204837],[454058,1204828],[454105,1204967]]],[[[453659,1205344],[453724,1205360],[453722,1205269],[453659,1205344]]],[[[453852,1205424],[453930,1205302],[453748,1205269],[453852,1205424]]],[[[448226,1205452],[448269,1205429],[448243,1205391],[448226,1205452]]],[[[448472,1205487],[448504,1205519],[448497,1205448],[448472,1205487]]],[[[456504,1205815],[456538,1205890],[456580,1205799],[456504,1205815]]],[[[450390,1205843],[450402,1205907],[450432,1205784],[450390,1205843]]],[[[450738,1205927],[450788,1205930],[450744,1205860],[450738,1205927]]],[[[452239,1206042],[452368,1205863],[452286,1205785],[452239,1206042]]],[[[450545,1205944],[450538,1205996],[450563,1205927],[450545,1205944]]],[[[450741,1205991],[450788,1206016],[450795,1205941],[450741,1205991]]],[[[456182,1205952],[456159,1206038],[456271,1205942],[456182,1205952]]],[[[452261,1206068],[452313,1206045],[452301,1206024],[452261,1206068]]],[[[450779,1206163],[450783,1206110],[450720,1206092],[450779,1206163]]],[[[452083,1206143],[452122,1206197],[452226,1206135],[452083,1206143]]],[[[448455,1206486],[448757,1206230],[448443,1206015],[448455,1206486]]],[[[456200,1206294],[456247,1206281],[456244,1206233],[456200,1206294]]],[[[464790,1206494],[465125,1206771],[464795,1205918],[464790,1206494]]],[[[456198,1206496],[456237,1206352],[456122,1206383],[456198,1206496]]],[[[448329,1206518],[448296,1206495],[448315,1206603],[448329,1206518]]],[[[465980,1209183],[466377,1207672],[465787,1206916],[465683,1208744],[465980,1209183]],[[466233,1207902],[466191,1207877],[466250,1207877],[466233,1207902]]],[[[466295,1208261],[466332,1208299],[466327,1208255],[466295,1208261]]],[[[461749,1202645],[463304,1201357],[463770,1202055],[463929,1200726],[462570,1199499],[459448,1201259],[458509,1199852],[456572,1199641],[456543,1200622],[455732,1200521],[456606,1201859],[455514,1204480],[457284,1204281],[456458,1205323],[456982,1205731],[456759,1207206],[457936,1207978],[457488,1209149],[458247,1211458],[456995,1212494],[458576,1214575],[457867,1214916],[459230,1215295],[460179,1216860],[459874,1218035],[460047,1217989],[461189,1218625],[461749,1217273],[461025,1214173],[461741,1214169],[463394,1218461],[463909,1217032],[465439,1217532],[465479,1216844],[466576,1216887],[466347,1215819],[467635,1215459],[465154,1214727],[466695,1213273],[466507,1211420],[463490,1212072],[465343,1208977],[461922,1208793],[464827,1207937],[461749,1202645]],[[465338,1211991],[465341,1212005],[465317,1212004],[465338,1211991]]],[[[457429,1210029],[457463,1210120],[457495,1210009],[457429,1210029]]],[[[457312,1210243],[457424,1210315],[457343,1210092],[457312,1210243]]],[[[456852,1211508],[457010,1211497],[456899,1211371],[456852,1211508]]],[[[457056,1211501],[457168,1211497],[457081,1211416],[457056,1211501]]],[[[466641,1213526],[466669,1213490],[466602,1213423],[466641,1213526]]],[[[457861,1214992],[457885,1214940],[457790,1214911],[457861,1214992]]],[[[466925,1215948],[466987,1215929],[466938,1215867],[466925,1215948]]],[[[459392,1216150],[459486,1216103],[459463,1216061],[459392,1216150]]],[[[459483,1216519],[459536,1216620],[459559,1216494],[459483,1216519]]],[[[459385,1216773],[459441,1216767],[459420,1216723],[459385,1216773]]],[[[466585,1216828],[466608,1216811],[466574,1216783],[466585,1216828]]],[[[462442,1216916],[462484,1216918],[462490,1216871],[462442,1216916]]],[[[466710,1217176],[466930,1217186],[466685,1216896],[466710,1217176]]],[[[466887,1217360],[466983,1217225],[466763,1217219],[466887,1217360]]],[[[464515,1217415],[464557,1217393],[464494,1217293],[464515,1217415]]],[[[459891,1217549],[459961,1217540],[459891,1217452],[459891,1217549]]],[[[464280,1217507],[464355,1217543],[464317,1217476],[464280,1217507]]],[[[464333,1217631],[464362,1217573],[464281,1217545],[464333,1217631]]],[[[459862,1217663],[459950,1217654],[459848,1217559],[459862,1217663]]],[[[466965,1217675],[466995,1217664],[466956,1217658],[466965,1217675]]],[[[459839,1217978],[459898,1217936],[459789,1217899],[459839,1217978]]],[[[459902,1218137],[460000,1218208],[460010,1218038],[459902,1218137]]],[[[463492,1218463],[463531,1218444],[463472,1218384],[463492,1218463]]],[[[460165,1219169],[460144,1219009],[460048,1218996],[460165,1219169]]],[[[460333,1219415],[460348,1219207],[460170,1219018],[460333,1219415]]],[[[460522,1219597],[460639,1219553],[460432,1219244],[460522,1219597]]],[[[460761,1219811],[460651,1219576],[460582,1219694],[460761,1219811]]],[[[461312,1220302],[461246,1220194],[461190,1220278],[461312,1220302]]]]}}]}